薰	かお,かおる
亜月	あづき,ある
亜沙	あさ,あず
亜桜	あお,あさ
亜生	あい,あき
亜璃	あり,ある,あんり
亜里	あり,あんり
愛	あい,あき,あや,あゆ,かな,こころ,ちか,なるみ,のり,まな,めぐ,ゆう
愛杏	あん,いあん
愛衣	あい,あおい,あき
愛羽	あろは,かなう
愛永	なな,まな
愛乙	あいと,おと,かなと
愛音	あお,あおい,あまね,あると,あれん,あん,おと
愛夏	まな,まなつ
愛花	あすか,あろは,あんじ,いつか,わか
愛華	あすか,あろは,あんじ,いつか,ちかげ
愛芽	あいが,かなめ,ひなせ
愛海	あくあ,うみ,なるみ
愛嬉	あいき,あき
愛希	あき,いつき,まき
愛季	あいき,あき
愛稀	あき,まき
愛貴	あき,まき
愛弓	あゆ,なるみ
愛郷	あさき,あさと
愛琴	あいき,あき
愛空	あすか,そら,まな
愛結	あい,あおい,あむ,あゆ,あゆむ,きずな
愛月	あき,あづき,あむ,ある,いつき,なつき,まなつ
愛倖	あゆき,うさ
愛幸	あき,あさき,あゆき
愛紅	あいく,めぐ
愛香	いつか,ちか,わか
愛彩	あさ,あや,いおり,ななせ
愛菜	あきな,まな
愛咲	あき,あさ,あさき,いさき
愛桜	あお,あおい,あらん,なお,まお
愛子	あまね,まこ
愛紗	あさ,うさ
愛珠	あしゅ,あず,うみ,なるみ
愛春香	あすか,はるか
愛純	いずみ,ますみ
愛緒	なお,まお
愛織	あお,いおり
愛心	あいく,あき,こころ,なみ,なるみ,まこ,まな
愛深	うみ,なるみ
愛星	あきら,あせい,あまね
愛生	あい,あき,まお,まき,まひろ
愛泉	あい,そら
愛多	うた,かなた
愛都	あつ,まなつ
愛奈	あきな,なな,まな
愛那	あきな,まな
愛凪	あきな,まな
愛妃	あいき,あき,まき
愛美	いずみ,うみ,なみ,なるみ,みのり
愛姫	あいき,あき,あやき,まき
愛舞	あいま,いぶ
愛碧	あお,あおい
愛望	あむ,うみ,なるみ
愛夢	あいく,あゆ,あゆむ,うた,めぐむ,らいむ
愛弥	あや,なるみ
愛唯	あい,あゆ
愛来	あき,あきな
愛李	あい,あいき
愛梨	あり,きり,まな
愛里	あさと,あり
愛瑠	ある,えいる,かなる
愛和	あおい,まな
愛來	あいき,あいく,あき,あきら,あくあ
愛凛	あり,あんり
愛徠	あいく,いこい
愛絆	あき,きずな,ここ,なな,まな,りず
愛綺	あいき,あき,いぶき
愛莉	あり,ひかり
愛凜	あり,あんり
葵愛	あお,あおい
葵空	あいく,あおぞら,そら
葵結	あむ,あゆ
葵月	あつき,あづき,きづき
葵蘭	きら,きらん
葵李	あおい,あり
梓希	あき,しき,しの
梓乃	しおん,しの
絢貴	あき,あやき
絢桜	あお,あやお
絢姫	あき,あやき
綾愛	あやお,りあ
綾葵	あき,あやき
綾央	あお,あやお
綾紀	あき,あやき
綾桜	あお,あやお
安月	あつき,あづき
安咲	あさ,あさき
安咲妃	あさき,あさひ
安夢	あむ,あゆ
安梨	あり,あんり
安凛	あり,あんり
安凜	あり,あんり
庵梨	あんり,いおり
庵莉	あんり,いおり
杏	あゆ,あん
杏衣	あい,あき
杏音	あん,こと
杏花	あすか,あんじ
杏月	あい,あづき,ある
杏咲	あさ,あさき
杏珠	あしゅ,あず
杏姫	あき,あんじ
杏夢	あむ,あゆ
杏里	あさと,あり
伊桜	いお,いおん
依音	いお,いおん
衣紀	いずみ,いのり
衣咲	いさ,いさき
郁	あや,ふみ
一羽	かずは,ひとは
一花	いつか,かずは,ひな
一華	かずは,ひな
一覇	かずは,ひとは
一波	いつは,かずは,ひとは
一妃	いつき,かずき
一姫	いつき,かずき
一舞	いぶ,いぶき
一陽	ちはる,ひなせ
壱羽	いつは,かずは
羽音	うた,わおん
羽沙	うさ,つばさ
羽紗	うさ,つばさ
羽美	うみ,はる
栄依	えい,さかえ
栄美	てるみ,まさみ
永遠	かなた,とあ,ねおん
榎夏	かな,かなと
央來	あきら,おうら
穏	しず,のん
音	のん,りん
音穏	ねお,ねおん
音空	いく,おと
音彩	いさ,とあ
音織	いおり,ねおん
佳愛	かえ,かお,かなる,けいと
佳衣	かえ,けい
佳音	かお,かおん
佳緒	かお,かおる
佳姫	かな,けいき
加愛	かいと,かお
加桜	かお,かぐら
可愛	かえ,かお
可衣	かい,かえ
嘉愛	かお,かなる
嘉恩	かえ,かおん
夏愛	かえ,かお,かおる,かなる
夏葵	あおい,なぎ
夏央	かお,なお
夏音	かおん,なお
夏空	そら,なつ
夏采	かな,なさ
夏菜	かな,なな
夏渚	かな,なぎさ,なな
夏緒	かお,なお
夏星	きらり,なつき
夏清	かすが,なつき
夏奈	かな,なな
夏那	かな,なな
夏凪	かな,なぎ,なぎさ,なな
夏南	かな,なな
夏姫	なつき,なつひ,ひな
家伊	かい,けい
果愛	かお,かなる
果依	かい,かえ
果央	かお,みお
果音	かお,かおん,はおと
歌愛	かお,かなる
歌音	かお,かおん
歌楽	うた,かぐら
歌月	かずき,かつき,かづき
歌和	かお,かな
花	あや,かおる
花愛	かえ,かお,かな,かなる,けいと
花惟	かい,けい
花穏	かおん,はおん
花音	かお,かおん
花夏	かな,はるか
花咲	かえ,さき
花瑞	かず,かずい
花奏	かな,かなで,はるか
花媛	かえ,かな
花和	かお,かな
茄奈	かな,なな
華愛	かお,かな,かなる,けいと
華依	かいり,かえ,けい
華惟	かい,けい
華衣	かえ,けい
華央	かお,かな
華音	かお,かおん
華奏	かなで,はるか
華和	かお,かな,はるか
霞月	かつき,かづき
雅桜	まお,みお
海	あくあ,しい,ひろ
海愛	うみ,かいあ,かなる,みお,みな,みのり,みら
海依	かえ,しい
海衣	かい,かえ
海音	うみお,のん,みお,みの
海夏	かな,みな
海楽	かいら,みら
海月	あづき,しづき
海菜	かな,みな
海桜	みお,みおう
海七	しいな,みな
海緒	うみお,みお
海生	しい,みお
海奈	しいな,みな
海那	かな,しいな,みな
海凪	かな,みな
海南	かな,みな,みなみ
海波	しいな,みな
海美	うみ,ひろみ
海藍	かいら,みらん
海和	みお,みな
楽	うた,かな
楽音	うた,らん
叶	かな,かなる
叶愛	かなめ,かなる
叶織	かお,かおる
椛	かえで,なぎ,もみじ
茅花	ちか,ちはる
茅成	ちせ,ちせい
喜	きよ,ゆき
希愛	きら,けいと
希依	きよ,けい
希音	ねおん,のん
希桜	きお,きら,まお
希緒	きお,みお
希星	きせき,きら
希望	みらい,ゆめ
希梨	きらり,きり
希鈴	きり,きりん
祈璃	いのり,きり
稀音	きお,きなり,まお
稀生	きお,きなり
紀織	きお,きおり
紀葉	かずは,きょう,きよ
紀凛	きり,きりん
輝星	あきら,きら,きらり,きらん
輝梨	かがり,ひかり
輝理	かがり,ひかり
輝璃	かがり,きらり
輝里	きらり,きり,ひかり
輝莉	かがり,きらり,きり,ひかり
菊奈	あきな,ひな
吉良	きよ,きら
弓愛	ゆあ,ゆめ
亨	ちか,なお,ゆき
恭	ちか,ゆき
響	なり,りずむ
空々	あくあ,ここ
空愛	あお,あくあ,そあ,そあら,そな
空絢	あくあ,あや
空衣	あおい,すい
空夏	あきな,そな,そらち
空月	あづき,ある
空彩	あさ,あや,そあ
空菜	そな,そらち
空詩	そなた,そら
空紗	あさ,そら
空生	あお,あおい,くう,すい
空奈	あきな,さな,そな,そらち
空那	あきな,そな,そらち,みな
空凪	そな,そらち
空南	あきな,そな
空美	くう,そら,ひろみ
空夢	あむ,あゆ,そら
空優	あす,あゆ
空來	あき,そら,そらち
空梛	そな,そらち
薫	かお,ゆき
圭依	かえ,けい
圭慧	かえ,けい
圭妃	けい,たまき
恵	あや,さと,めぐ
恵依	えい,けい
恵惟	えい,けい
恵衣	えい,けい
恵糸	けいし,けいと
敬	あき,きょう
景	きょう,ひかり
結愛	きずな,さな,ゆあ,ゆうら,ゆめ
結葵	ゆあ,ゆき
結安	ゆあ,ゆあん
結杏	ゆあ,ゆず
結衣	すい,ゆき
結海	うみ,ゆう
結空	ゆあ,ゆう
結月	なつ,むつき,ゆき,ゆずき
結好	ゆず,ゆずき
結咲	ゆうさ,ゆうら
結心	こころ,ゆうら
結生	すい,ゆき
結妃	ゆうひ,ゆき
結姫	ゆうひ,ゆき
結麻	ゆあ,ゆめ
結明	ゆあ,ゆめ
結鈴	ゆうり,ゆず
結絆	みな,ゆき
月愛	かぐら,るあ,るい,るか
月花	つき,るか
月華	らいか,るか
月希	つき,るい
月咲	つかさ,つき
月奏	らいか,るか
言	あや,こと,ゆき
己葉	きょう,きよ
湖心	ここ,こころ
胡実	うみ,くるみ
胡心	ここ,こころ
吾唯	あい,あゆ
瑚心	ここ,こころ
瑚兎	こう,こと
光愛	こあ,みお,みのり,るあ
光永	ひな,ひなせ
光紀	みづき,みのり
光菜	あきな,ひな,みな
光桜	みお,みおう
光珠	てるみ,ひろみ
光織	ひかり,みお
光奈	ひな,みな
光那	ひな,みな
光凪	あきな,みな
光夢	きら,ひかり
光陽	みお,ゆあ
光來	きら,ここ
公美	ひろみ,まさみ
厚妃	あつき,こうき
向葵	あおい,ひさき,ひなせ,むぎ
向日葵	あおい,ひなせ,ひなり
好音	いお,みお
幸	あき,さき,ゆき
幸愛	こあ,ゆあ
幸希	さき,ゆき
幸紀	さき,ゆき
幸心	きり,こころ
幸姫	こうき,ゆき
幸来	ここ,さき,ゆき
香愛	かえ,かお,かな,かなる
香音	かお,こと
香桜	かお,かぐら
沙音	さと,しおん
沙樹	いさき,さき
沙南	いさな,さな
沙来	さき,さな
沙來	さき,さな
彩	あや,ひかり,ひかる
彩愛	あお,あやお,さな
彩葵	あおい,あき,あやき,さき
彩杏	いあん,さな
彩央	あやお,いお
彩音	あお,あやお,さと
彩喜	あき,さき
彩季	あき,さき
彩稀	あき,あやき,さき
彩結	あむ,あゆ
彩月	あつき,あづき,あやき,いつき
彩幸	あき,さき
彩咲	あさ,あさき
彩桜	あおい,あさ,あやお,せいら
彩純	いずみ,りあ
彩緒	あお,あやお
彩水	あお,さな
彩生	あい,あき,あやき,さき
彩妃	あき,あやき,さき
彩姫	あき,あやき,さき
彩夢	あむ,あゆ
彩優	あや,あゆ
彩来	あやき,さき,さな
彩梨	あり,あんり
彩里	あり,あんり,いおり,ひかり
彩來	あき,さき
彩綺	あや,さき
采	あや,こと
采咲	あさき,つかさ
菜愛	なお,なな
菜央	なお,なな
菜希	さき,なつき
菜樹	なぎ,なつき
菜生	なお,なな,ななせ,なみ
菜凪	さな,なぎ,なな
菜南	なな,なみ
菜波	さな,なな
菜和	なお,なな
冴音	こと,さと
咲音	さと,しおん
咲樹	さき,さな
咲星	きらり,さき
咲奈	さな,そな
咲名	さな,みな
咲来	ここ,さき,さな,そら
咲來	さき,さな
桜愛	おうら,さな,るう
桜音	さな,りおん
桜花	はる,はるか
桜空	そら,はる
桜咲	おうら,さき
桜桃	おと,さと
桜美	おと,はるみ
桜来	おうら,さき
桜絆	さき,さな
三桜	みお,みおう
三那	さな,みな
三櫻	みお,みおう
燦	あき,きら,きらり,ひかり
燦夏	あきな,さな
史	あや,ちか,ふみ
史音	しの,みお
史桜	しお,みお
史珠	しず,しずく
史緒	しお,みお
史津	しず,しづ
志	こころ,ふみ,ゆき
志生	しい,しお
志津	しず,しづ
紫月	しずき,しずく
紫桜	しお,しおん
紫珠	あず,しず
紫都	しず,しづ
詞	こと,つかさ
詩	しい,ゆき
詩愛	うみ,しいな
詩月	しいな,しずく
詩生	しい,しお,しおん
詩暢	しの,しのぶ
治佳	ちか,はるか
治夏	ちか,はるか
治華	ちか,はるか
蒔季	しき,まき
雫月	しずき,しずく
七葵	なお,なぎ
七彩	なさ,ななせ,にじ
七渚	なぎさ,なな
七色	にじ,ひかり
七夕	なな,ななせ
実	ちか,なお
実愛	みお,みな,みのり
実応	みお,みの
実花	まな,みな
実菜	まな,みな
実桜	まお,みお,みおう
実織	みお,みのり
実生	みお,みな
実那	まな,みな
実凪	まな,みな
実南	まな,みな,みなみ
実穂	みお,みのり
実礼	みのり,みらい
実凰	みお,みおう
偲音	しおん,しの
紗菜	さな,せな
紗生	さき,さな
紗奈	さな,せな
紗苗	さな,せな
若	あおい,わか
朱	あき,あや
朱音	あん,じゅの
珠愛	じゅら,みお,みのり
珠央	たまお,みお
珠音	じゅのん,たまお,みお
珠紀	たまき,みのり
珠桜	たまお,みお,みおう
珠織	しゅり,たまお,みお
珠生	たまお,みお
珠乃	じゅの,みの
珠来	じゅら,たまき,みらい
珠藍	しゅら,みらん
珠蘭	しゅら,じゅら,じゅらん,みらん
珠里	しゅり,みのり
珠礼	しゅら,みのり
珠麗	しゅり,みら
珠來	しゅら,じゅら,たまき,みらい
寿	かず,こと
寿希	じゅの,ひさき
寿季	かずき,ひさき
寿乃	じゅの,じゅのん
寿美	すみ,としみ,ひろみ
寿来	じゅら,ひさき
樹音	じゅの,じゅのん
樹乃	じゅの,じゅのん
樹莉	きり,しゅり
周	ちか,めぐ
秋	みのり,もみじ
秋桜	あき,こすも
秋妃	あき,あきひ
秋来	あき,あきな
春音	かずね,はおと
春賀	かすが,はるか
春生	すい,はるみ
春璃	しゅり,しゅんり,はる
春麗	しゅり,はるか
潤実	ひろみ,ますみ
潤美	いずみ,ひろみ
純	あや,すみ
順	あや,なお
初姫	あゆ,いぶき,はつき
渚桜	なお,なぎさ
小采	おと,こと
小登	こと,さと
小都	こと,さと
晶美	てるみ,まさみ
章	あや,ふみ
心	あい,ここ,もと,ゆう
心愛	きずな,こあ,ここ,みお,みな,みのり,みら
心乙	みお,みおと
心音	こころ,こと,みお
心海	こあ,みなみ,ろみ
心空	こあ,そら
心結	こころ,ゆめ
心咲	あさ,あさき,こころ
心桜	こころ,しおん,みお,みおう,みら
心暖	こあ,みお
心那	さな,みな
心南	みな,みなみ
心美	ここ,こころ
心蕗	こころ,みろ
心夢	あゆ,ゆめ
心優	こころ,みろ
心陽	みお,りょう
心蘭	みら,みらん
心和	しの,とわ,みお
心櫻	みお,みおう
心絆	あいき,みな
深愛	みお,みのり
深央	みお,みおう
深桜	みお,みおう
深生	ふう,みお
深緑	ふみ,みろく
真	さな,まき,まこ,まな
真愛	まお,まな
真央	まお,みお
真音	まお,みお
真魚	まお,まな
真己	まお,まき,まこ
真好	まこ,ますみ
真彩	まあさ,まさ
真珠	しずく,まこ,まこと,ますみ
真渚	まお,まな
真緒	まお,みお
真女	まこ,まな
真織	まお,みお
真心	こころ,さな,まこ
真生	まお,まき,まな,みお
真都	まなつ,まひろ
真奈	さな,まな,みな
真陽	まお,まひろ
真来	まき,まこ
真和	まお,まな
真來	まき,まこ
仁美	ひろみ,まさみ
水	あくあ,みな
水愛	あくあ,みお
水音	みお,みおと
水瑞	みなみ,ゆず
水和	みお,みな
瑞葵	たまき,みづき
雛	ひな,ひなり
雛樹	ひなき,ひなせ
澄	いずみ,すみ
世愛	せいら,せな,せら
世來	せいら,せら
瀬来	せいら,せら
成菜	せな,なな
成珠	なみ,なるみ
成渚	せな,なお
成生	なみ,なるみ
成奈	せな,なな
成美	なみ,まさみ
成羅	せいら,せら
成来	せいら,せら
星	きらり,せいら,みらい
星愛	せいら,せな,せら
星楽	せいら,せら
星輝	きらり,ひかり
星空	きら,せな
星咲	きらり,せいら,せら
星桜	しおん,せいら,せな,せら
星麗	せいら,せら
星蓮	あれん,せれん
晴愛	せら,はるか
晴麗	せら,はれ
清	いさみ,きよ
清楽	せいら,せら
清良	きら,せいら,せら
清來	せいら,せら
生	うみ,なる
生葵	いつき,いぶ
生実	うみ,なるみ
聖愛	せいら,せな,せら
聖楽	せいら,せら
聖菜	さな,せいら
聖咲	せいら,せら
聖星	あきら,せいら
聖礼	せいら,せら
聖麗	せいら,せら
青楽	かいら,せいら
青空	あおい,せいら
静	しず,ちか
静来	しずく,せいら
雪	きよ,ゆき
雪愛	なな,ゆあ
千愛	かずま,せな,せら
千絢	ちはる,ちひろ
千夏	せんな,ちか
千花	ちか,ちはる
千華	かずは,ちか,ちはる
千空	せら,ちひろ
千菜	せな,せんな
千咲	かずさ,せら
千成	ちせ,ちせい
千晴	ちせ,ちせい
千生	いつき,ちせい
千聖	ちせ,ちせい
千奈	せな,せんな
千美	かずみ,ちはる
千明	ちはる,ちひろ
千陽	ちかげ,ちひろ
千翔	ちか,ちかげ
泉音	いお,いおん
泉菜	せんな,みな
泉緒	いお,みお
泉奈	せんな,みな
泉南	いずみ,せな
奏	うた,かな,りずむ
奏愛	かな,かなめ,そら
奏雨	かなう,かなめ
奏音	うた,おと,かおん,かな,かなる
奏夏	かな,そな
奏菜	かな,そな
奏咲	かえ,そら
奏奈	かな,そな
奏那	かな,かなで,そな
奏楓	かえで,かなで
爽	あおい,あき,そら
爽夏	さな,そな
爽奈	あきな,さな
爽蘭	そうら,そら
想愛	そあ,そら
早来	さき,そら
聡菜	あきな,さな
聡那	さな,そな
蒼愛	そあ,そあら,そら
蒼空	そうら,そなた
蒼桜	あお,あおい,そら
暖	のん,ひな,ひなせ
知花	ちか,はるか
知華	ちか,ちはる
知香	ちか,はるか
智花	ちか,ちはる
智華	ちか,ちはる
智美	ちはる,としみ
宙奈	そな,そらち
朝咲	あさ,あさき
椎乃	しいな,しの
天希	あき,あまね
天夢	あむ,あゆ
冬彩	かずさ,とあ,ゆあ
燈和	とわ,ひな
奈己	なお,なみ
奈菜	なさ,なな
奈桜	なお,なさ,なみ
奈樹	なぎ,なつき
奈生	なお,なな
奈津妃	なつき,なつひ
奈和	なお,なな
那和	なお,なな
凪生	なな,なみ
凪南	なな,なみ
南光	なみ,みなみ
南菜	なな,みな
南桜	なお,みお
南奈	なな,みな
南美	なみ,みなみ
南未	なみ,みなみ
南和	なお,なごみ
虹	ここ,ひかり
虹心	ここ,こころ
日	あき,ひかる
日葵	あさき,ひなせ
日夏	かな,にちか,ひな
日夏梨	ひかり,ひなり
日花	にちか,はるか,ひな
日華	はるか,ひな
日椛	にちか,はるか
日菜	かな,ひな
日咲	かえ,ひさき,ひなせ
日奈	かな,ひな
日和	はるか,ひな,ひなせ
如	なお,ゆき
寧恩	ねお,ねおん
寧月	しずき,しずく
巴	とも,はる
波月	なつき,はつき
白	あきら,きよ
妃愛	ひな,ひなり
妃葵	ひな,ひなせ
妃央	きお,きひろ,ひなか
妃夏	ひな,ひなせ
妃月	きづき,ひづき
妃織	きおり,きらり
妃星	きら,きらり,ひかる
妃来	きら,ひな
妃和	きお,ひな
緋愛	ひな,ひなり
緋七	ひな,ひなせ
美	あい,るみ
美愛	みお,みな,みら,みらい
美羽	うるは,よう
美欧	みお,みおう
美乙	みお,みおと
美花	はるか,みな
美海	うみ,みなみ
美楽	うた,みら
美空	あおい,そら,ひかる,みら
美桜	みお,みおう
美渚	みお,みな
美心	うみ,こころ,みの
美成	みな,みのり
美星	うみ,みらい
美奈	なな,みな
美捺	みお,みな
美日	はるか,はるひ
美乃	しの,みの,みのり
美波	うるは,みな
美穂	みお,みのり
美望	はるみ,みの
美陽	はるひ,みお
美来	みな,みら
美藍	みお,みら
美蘭	そら,みら,みらい
美緑	みのり,みろく
美礼	みのり,みらい
美和	いお,みお
美凰	みお,みおう
美櫻	みお,みおう
美萊	みら,みらい
柊碧	とあ,ひなせ
姫月	きづき,きら,ひづき,ひな
姫星	きら,きらり
姫奈	ひな,ひなせ
姫蘭	きら,きらん
姫梨	きり,ひな
媛夏	はるか,ひな
媛美	はるひ,はるみ
媛未	はるひ,はるみ
芙海	ふう,ふみ
舞愛	まお,まな
舞生	まお,まな
舞麻	まあさ,まお
舞和	まお,まな
楓美	かえで,ふみ
楓姫	かえで,りおん
蕗光	るみ,ろみ
蕗実	るみ,ろみ
蕗深	るみ,ろみ
蕗美	るみ,ろみ
蕗未	るみ,ろみ
文	あき,あや,ふみ
碧愛	あおい,みお
碧乙	あお,みお
碧音	あお,いおん,みお
碧月	あづき,みづき
碧菜	あおい,みな
碧桜	あお,みお,みおう
碧南	みな,みなみ
歩	あむ,あゆ,ある
歩空	あいく,ふく
歩夢	あむ,あゆ
歩弥	あや,ふみ
歩優	あゆ,ふう
穂	ひな,みのり
穂莉	ひなり,みのり
萌	めぐ,めぐむ
萌愛	あくあ,みのり,めぐむ
訪応	みお,みおう
訪桜	みお,みおう
望愛	みお,みのり,みら,みらい
望桜	みお,みおう
望生	のぞみ,みお
望南	みな,みなみ
望波	みな,みなみ
磨生	まお,まき
麻	あさ,あや
麻葵	あさぎ,まき
麻音	おと,まお,まおん
麻夏	まな,まなつ
麻希	あき,まき
麻季	あさき,まき
麻紀	あき,まき
麻咲	あさ,あさき
麻紗	あさ,まさ
麻渚	まお,まな
麻緒	あお,まお
麻生	あさき,まお,まき
麻妃	あさひ,まき
麻姫	あさき,あさひ,まき,まひろ
麻木	あさき,まき
麻弥	あさひ,あや,まひろ
哩愛	りあ,りお
万生	まお,まき
満央	まお,みお
満音	まおん,みお
満那	まな,みな
未愛	みお,みのり
未乙	まお,みお
未音	みお,みおと
未菜	まな,みな
未桜	みお,みおう
未渚	みお,みな
未奈	まな,みな
未那	まな,みな
未凪	まな,みな
未捺	みお,みな
未南	みな,みなみ
未来	あす,のぞみ,みら
未和	みお,みな
未來	のぞみ,みら
未凰	みお,みおう
未莉	みのり,みらい
巳之	みの,みのり
岬	こう,さき
湊愛	そあ,そら,みお
湊菜	そな,みな
稔美	としみ,なるみ
夢	のぞみ,ゆめ
夢愛	ゆあ,ゆめ
夢葵	むぎ,ゆあ,ゆき
夢杏	ゆあ,ゆあん
夢芽	そら,ゆめ
夢叶	ゆめ,らいか
夢希	むつき,ゆき
夢空	めぐ,ゆあ
夢姫	いぶき,ゆき,ゆめ,りおん
夢歩	ゆあ,ゆうほ
夢明	ゆあ,ゆめ
夢来	みらい,ゆき
夢來	みらい,むぎ
名桜	なお,なみ
明愛	あお,あくあ
明伽	あすか,はるか
明可	あすか,はるか
明夏	あきな,あすか,はるか
明花	あすか,はるか
明華	あすか,はるか
明香	あすか,はるか
明彩	あい,あさ
明咲	あさ,あさき,あさひ
明桜	あお,あさ,みお,みおう
明実	てるみ,はるみ
明生	あい,あいく
明日	あきひ,あすか
明美	てるみ,はるみ
明柊	あきひ,はるひ
明楓	あすか,はるか
明弥	あまね,あや,はるみ
明優	あや,あゆ
明來	あきら,みらい
木音	きお,こと
紋	あき,あや
弥音	あまね,みお
弥桜	みお,みおう
弥生	ひろみ,みお
弥南	みな,みなみ
癒音	いお,いおん
癒月	いつき,ゆずき
唯愛	あい,いお,ゆあ,ゆめ
唯杏	いあん,ゆあ,ゆあん
唯音	いお,いおん
唯空	いく,ゆあ
唯好	ゆず,ゆずき
唯咲	いさ,いさき
佑愛	ゆあ,ゆめ
佑好	ゆず,ゆずき
佑彩	ゆあ,ゆうさ
佑妃	ゆうひ,ゆき
佑萌	ゆう,ゆうほ,ゆめ
佑來	ゆうら,ゆき
優愛	うみ,ゆあ,ゆあん,ゆうら,ゆめ,るあ,るい
優葵	うた,ゆき
優杏	うきょう,ゆあ,ゆず
優紀	ゆうり,ゆき
優好	ゆず,ゆずき
優彩	ゆあ,ゆうさ
優咲	うさ,ゆうさ,ゆうら
優珠	うみ,まさみ,ゆず
優心	うみ,こころ,まこ,まさみ,まひろ,ゆあ,ゆう,ゆうら,るあ
優妃	ゆうひ,ゆき
優美	うみ,ひろみ
優姫	ゆうひ,ゆき
優萌	ゆうほ,ゆき,ゆめ
優明	ゆあ,ゆめ
優弥	かつみ,まひろ
優宥	ゆう,ゆき
優有	ゆあ,ゆう
優来	ゆうら,ゆき
優麗	ゆうら,ゆうり
優和	まお,ゆあ
勇愛	ゆあ,ゆめ
友亜	とあ,ゆあ
友愛	とあ,ゆあ,ゆめ
友葵	ゆあ,ゆき
友羽	ゆう,ゆうわ
友彩	とあ,ゆあ
友咲	ゆうさ,ゆうら
宥羽	ゆう,ゆうわ
悠愛	はるか,ゆあ,ゆめ
悠葵	ひさき,ゆあ,ゆき
悠花	ちか,はるか
悠好	ゆず,ゆずき
悠彩	ゆあ,ゆうさ
悠妃	はるひ,ゆき
悠姫	はるひ,ゆき
憂好	ゆず,ゆずき
憂妃	ゆうひ,ゆき
有愛	ゆあ,ゆめ
有杏	ゆあ,ゆあん
有喜	あき,ゆき
有希	あき,ゆき
有紀	あき,ゆき
有記	あき,ゆき
有貴	あき,ゆき
有輝	あき,ゆき
有空	ゆあ,りあ
有彩	ゆあ,ゆうさ
有咲	あさ,あさき
有紗	あさ,ゆうさ
有紗姫	あさき,あさひ
有珠	あず,ゆず
有鶴	ゆず,ゆづる
有妃	あき,ゆうひ,ゆき
有夢	あむ,あゆ,あゆむ
有優	あゆ,ゆう
有梨	あり,ゆうり
柚愛	ゆあ,ゆめ
柚葵	ゆあ,ゆき
柚杏	ゆあ,ゆず
柚桔	ゆき,ゆずき
柚好	ゆず,ゆずき
柚沙	ゆうさ,ゆず
柚咲	ゆうさ,ゆずき
柚妃	ゆうひ,ゆき,ゆずき
柚姫	ゆうひ,ゆき,ゆずき
柚明	ゆあ,ゆめ
由愛	ゆあ,ゆめ
由葵	ゆあ,ゆき
由杏	ゆあ,ゆあん
由好	ゆず,ゆずき
由妃	ゆうひ,ゆき
由明	ゆあ,ゆめ
祐好	ゆず,ゆずき
祐妃	ゆうひ,ゆき
裕愛	ゆあ,ゆめ
裕雅	ひろみ,ゆあ
裕好	ゆず,ゆずき
裕姫	ゆうひ,ゆき
夕愛	ゆあ,ゆめ
夕葵	ゆき,ゆずき
夕海	ゆあ,ゆう
夕彩	ゆあ,ゆうさ
夕珠	ゆず,ゆずき
夕妃	ゆうひ,ゆき
夕姫	ゆうひ,ゆき
曜	あき,ひかり
耀	かがり,きらり,ひかり
要	かな,しの
遥	あや,すみ
陽	はるか,ひかり,ひな,ひなせ
陽愛	ひかり,ひな,ひなせ,ひなり
陽葵	ひな,ひなせ
陽音	はる,はるひ,ひなせ,ひなり,りずむ
陽佳	あすか,はるか
陽嘉	あすか,はるか
陽夏	あきな,あすか,ひな
陽果	あすか,はるか
陽架	あすか,はるか
陽歌	あすか,はるか
陽花	あすか,はるか,ひな,ひなか
陽華	あすか,はるか,ひな
陽雅	あすか,ひなり
陽海	はるか,みなみ
陽叶	はるか,ひなか
陽季	あき,ひなき
陽空	ひなか,ひなせ
陽向	ひなせ,まひる
陽香	あすか,はるか,ひかり,ひかる,ひなか
陽菜	あきな,ひな,ひなせ
陽菜樹	ひなき,ひなせ
陽渚	あきな,ひな
陽心	あさひ,ひなか
陽生	ひな,ひなり
陽泉	はるせ,はるみ
陽奈	あきな,ひな
陽那	あきな,ひな
陽凪	あきな,ひな
陽捺	あきな,ひな
陽南	あきな,ひな
陽波	はるひ,ひな
陽美	てるみ,みなみ
陽未	はるひ,はるみ,みなみ
陽名	あきな,ひな
陽梨	ひかり,ひな,ひなり
陽和	あきな,ひな
陽梛	あきな,ひな
陽莉	あり,ひかり,ひなり
来海	くるみ,らいか
来美	いさみ,くるみ
来蘭	きら,らいら
藍	あい,らん
藍衣	あい,あおい
利愛	とあ,りあ,りお
李音	いお,りずむ
梨亜	りあ,りあん
梨愛	りあ,りお
梨安	りあ,りあん
梨杏	りあ,りん
梨乙	りお,りと
梨和	りあ,りお
理	あや,さと,まさ
理想	りお,りおん
理和	りあ,りお
璃愛	あきな,りあ,りあん
璃桜	りあ,りおん
璃渚	あきな,りお
里愛	りあ,りお
流音	りおん,るか
流佳	はるか,るか
流星	あすか,きらり,るい
琉愛	りあ,りお,るう,るか
琉海	るう,るみ
留亜	とあ,るあ
留愛	とあ,るあ,るう
留羽	とわ,るう
留有	るあ,るう
留和	とわ,るか
瑠愛	るい,るう
瑠音	りおん,るい
瑠海	るう,るみ
瑠心	るい,るみ
瑠有	るあ,るう
怜愛	りあ,れい
玲央	たまお,りお
玲音	りお,れい
礼	あや,ゆき
礼夏	あきな,らいか
礼蘭	あきら,らいら
鈴音	りお,りおん,りん
麗愛	りあ,るあ
麗杏	りあ,りあん
麗音	りお,りおん
麗華	うるは,かずは,らいか
麗桜	まお,りお,りおん
麗心	うるは,かずみ
恋愛	こあ,ゆあ
和	あい,いずみ,かずみ,ちか,なごむ
和愛	なお,わか
和依	かい,かえ
和衣	あい,かえ
和果	かずは,わか
和歌	うた,わか
和花	かずは,わか
和華	かずは,かな,わか
和海	なみ,わか
和月	あづき,なつき
和彩	あさ,かずさ
和菜	かな,なな
和冴	なぎさ,なさ
和咲	あさ,あさき,かえ
和桜	あお,かずさ,なお,なぎさ
和実	なごみ,なみ
和紗	あさ,なぎさ
和珠	あず,かずみ,なごみ
和緒	あお,なお
和笑	かえ,なごみ
和心	こころ,なみ
和水	かな,なごみ
和成	かな,なな
和生	あい,かずは,なごみ
和奈	かな,なな
和満	かずみ,なごみ
和魅	かずみ,なごみ
和妙	かずさ,なぎさ,なみ
和翔	かずは,わか
侑愛	ゆあ,ゆめ
侑沙	うさ,ゆうさ
侑紗	ゆうさ,ゆず
侑瞳	ゆず,ゆめ
侑來	ゆうら,ゆき
來	ゆき,らいむ,らん
來愛	くう,こあ
來海	くるみ,なみ,らいか
來心	くるみ,ここ,らいむ
來未	くるみ,なみ
俐愛	りあ,りあん
凛乙	りお,りと
凛桜	りあ,りおん
奎	あきら,ふみ
彗依	けい,すい
徠良	くるみ,らいら
惠	あや,めぐ
惺空	しずく,せいら
惺来	しずき,せいら
惺來	しずき,しずく,せいら
惺徠	しずく,せいら
昊愛	そあ,そら
昊心	ここ,こころ
晏凛	あり,あんり
梛里	なぎさ,なり
榮	とも,はる
澪	しずく,みお
煌	きら,きらり
煌星	きら,きらり
琥音	くおん,こと
眞生	まお,まき
眞来	まき,まこ,まな
眞來	まき,まな
禮	あきら,あや
稟愛	りあ,りお
稟音	りお,りおん
絆星	きら,きらり
絆妃	いぶき,きずき
綺	あや,きらり
綺愛	あお,あやお,りあ
綺音	あお,あおい,あやお,きお
綺桜	あお,あやお,きら
綺織	あお,きおり
綺蘭	きら,きらん
綺和	あお,きわ
綺凛	きり,きりん
綺莉	きらり,きり
綺凜	きり,きりん
翔那	かな,ひな
苺音	いおん,まおん
茉音	まお,まおん
茉夏	まな,まなつ
茉紀	まき,まこと
茉寿	まこと,ますみ
茉渚	まお,まな
茉生	まお,まき,まな
茉捺	まお,まなつ
茉麻	まあさ,まお
茉陽	まお,まひろ
茉和	まお,まな
茉來	まこ,まな
莉安	りあ,りあん
莉杏	りあ,りおん
莉香	ちか,らいか
莉碧	りあ,りお
釉羽	ゆう,ゆうわ
釉好	ゆず,ゆずき
凜愛	りあ,りお
凜杏	りあ,りあん
凜乙	りお,りと
凜桜	りお,りおん
凜和	りあ,りお
