いち華	いちか,いちは
いと華	いとか,いとは
おと花	おとか,おとは
かほり	かおり,かほり
しおり	さおり,しおり
すず波	すずな,すずは
なの華	なのか,なのは
にじ華	にしき,にじか
にじ香	にしき,にじか
ふた葉	ふたば,わかば
ゆず花	ゆずか,ゆずは
よつ葉	よつは,よつば
モナ	もか,もな
亜衣沙	あいさ,あいしゃ
亜海	あみ,つぐみ
亜希華	あきか,つきか
亜光	あかり,あみ
亜実	あみ,つぐみ
亜紗弥	あさみ,あさや
亜珠美	あすみ,あずみ,あづみ
亜寿菜	あすな,あずな
亜寿奈	あすな,あずな
亜寿那	あすな,あずな
亜寿美	あすみ,あずみ
亜純	あすみ,あずみ
亜純美	あすみ,あずみ
亜心	あこ,あみ
亜深	あみ,つぐみ
亜須菜	あすな,あずな
亜須奈	あすな,あずな
亜須那	あすな,あずな
亜水	あみ,つぐみ
亜澄	あすみ,あずみ
亜泉	あずみ,あみ
亜津紗	あずさ,あづさ
亜津美	あずみ,あつみ,あづみ
亜摘	あつみ,あづみ
亜美	あみ,あゆみ,つぐみ
亜望	あみ,つぐみ
亜未	あみ,つぐみ
亜也愛	あやな,あやめ
亜弥	あみ,つぐみ
亜唯美	あいみ,あゆみ
亜由華	あゆか,あゆは
亜由子	あゆこ,あゆみ
亜璃沙	ありさ,ありす
娃海	あいみ,あみ
娃光	あいみ,あみ
娃沙	あいさ,あいしゃ,あずな
娃子	あいこ,あこ
娃実	あいみ,あみ
娃心	あいみ,あこ,あみ
娃奈	あいな,えな
娃那	あいな,えな
娃凪	あいな,えな
娃波	あいな,あいは
娃美	あいみ,あみ
娃文	あいみ,あみ
娃歩	あいほ,あゆみ
娃弥	あいみ,あみ
娃凛	あいり,あいりん
阿澄	あすみ,あずみ
愛々	めい,らら
愛愛	あいな,まなか
愛綾	あいり,ありん,まや
愛依	うい,まい,まなえ,めい
愛依夏	あいか,あいな
愛依菜	あいな,めいな
愛依子	あいこ,まいこ,めいこ
愛依奈	あいな,めいな
愛依那	あいな,めいな
愛惟	うい,めい
愛衣	うい,まなえ,めい
愛衣羽	あいね,あいは
愛衣花	あいか,めいか
愛衣華	あいか,めいか
愛衣菜	あいな,めいな
愛衣子	あいこ,めいこ
愛衣奈	あいな,ういな,めいな
愛衣美	あいみ,めいみ
愛羽	あいは,あゆは,いとは,なゆ,なるは,まなは,みはね
愛映	かなえ,まなえ,まなは
愛詠	あかね,かなえ,まなえ
愛榎	あいか,いとか
愛伽	あいか,いとか,まなか
愛佳	あいか,あみ,いとか,ほのか,まなか
愛加	あいか,いとか,まなか,もか
愛可	あいか,いとか,まなか
愛嘉	あいか,まなか
愛夏	あいか,あいな,いとか,えな,まなか,らな
愛果	あいか,あいは,いとか,なるか,のりか,まなか,まなは,よしか
愛架	あいか,いとか,まなか
愛歌	あいか,いとか,うらら,まなか,めい,よしか
愛河	あいか,いとか,まなか
愛珂	あいか,いとか,まなか
愛禾	あいか,あいね,いとか,まなか
愛花	あいか,あいな,いとか,いとは,ういか,のりか,まなか,まなは,よしか
愛茄	あいか,あいな
愛華	あいか,あいな,あいは,あきは,あやか,いとか,いとは,なるは,まか,まなか,まなは
愛芽	あいか,あんな,めい
愛賀	あいか,まなか
愛海	あいか,あいみ,あみ,いつみ,えみ,かなみ,まなか,まなみ,まみ,めぐみ,めみ
愛絵	まなえ,よしえ
愛馨	あいか,いとか
愛楽	あいら,さらん
愛椛	あいか,まなか
愛樺	あいか,まなか
愛観	まなみ,めみ
愛希音	あきね,あのん
愛弓	あみ,あゆみ,うらら,まゆ,まゆみ
愛弓子	あゆこ,まゆこ
愛恵	あきえ,いとえ,かなえ,まなえ,めぐみ,もえ,よしえ
愛結	あいり,あゆい,あゆう,あゆみ,ここみ,まゆ,まゆみ,みう,みゆ
愛結羽	あすは,あゆね,あゆは
愛結夏	あゆか,あゆな
愛結菜	あゆな,まゆな
愛結子	あゆこ,まゆこ
愛結美	あゆみ,まゆみ
愛結來	あゆな,あゆら
愛見	あいみ,まなみ,めみ
愛乎	あいこ,あこ
愛呼	あいこ,あこ
愛己	あいみ,あこ,あみ,あゆみ,えみ,まなみ,まみ,よしみ
愛湖	あいこ,あこ
愛胡	あいこ,あこ
愛誇	あいこ,あこ
愛瑚	あいこ,あこ
愛倖	あいこ,まゆき
愛好	あいこ,めい
愛幸	あいこ,あいさ
愛香	あいか,あいこ,あこ,いとか,のりか,まか,まなか
愛砂	あいしゃ,あすな
愛彩	あいさ,あいな,あさか,のあ,まや,めい
愛菜	あいな,えな,ちな,めいな,らな
愛桜美	あさみ,なおみ
愛三	あいみ,まなみ
愛子	あいこ,あいね,あこ,いとこ,えこ,かなこ,ここね,ちかこ,なこ,のこ,ひでこ,よしこ,よりこ
愛枝	あきえ,かなえ,まなえ
愛実	あいみ,あみ,あゆみ,いつみ,えみ,かなみ,つぐみ,まなみ,めぐみ,めみ,よしみ
愛実子	えみこ,まみこ
愛紗	あいさ,あいしゃ,ありさ
愛珠	あいみ,あみ,あんじゅ,えみ,まなみ,まみ
愛春	あいは,いとは,まなは
愛純	あすみ,あずみ
愛渚	あいな,まなみ,らな
愛笑	あいみ,えむ,のえ,まなえ,まなみ
愛心	あいこ,あいな,あいみ,あいら,あこ,あみ,えこ,えみ,なこ,まなか,まなみ
愛深	あいみ,あみ,えみ,まなみ,まみ
愛水	あいな,あいみ,あみ
愛澄	あすみ,あずみ
愛澄美	あすみ,あずみ
愛星	あいら,あいる,まなほ,める
愛晴	あいは,いとは,なるは,まなは
愛生奈	あいな,めいな
愛聖	あみ,まりあ
愛積	あつみ,あづみ,なつみ
愛泉	あきみ,あずみ,うい,まなみ,めい
愛奏	あいか,あいな,あかね,まなか
愛暖	あいの,あのん
愛摘	あつみ,あづみ,なつみ
愛奈	あいな,あすな,あんな,えな,ちな,よしな,らな
愛奈実	ななみ,まなみ
愛那	あいな,あんな,えな,かなん,らな
愛凪	あいな,らな
愛捺	あいな,えな
愛南	あいな,えな,まなみ,らな
愛楠	あいな,かなん
愛虹	あこ,なこ
愛日	あいか,いとか,まなか
愛日向	ひまり,まひな
愛祢	あいな,あいね
愛乃	あいな,あいの,あきの,あやの,うの,ちかの,めい,めいな,めぐみ,よしの
愛乃花	なのは,まのか
愛巴	あいは,いとは
愛覇	あいは,いとは
愛杷	あいは,まなは
愛波	あいな,あいは,あみ,ななみ,まなは,まなみ
愛琶	あいは,いとは
愛帆	あいほ,まなほ,まほ
愛美	あいほ,あいみ,あみ,あゆみ,いつみ,えみ,かなみ,まなみ,まみ,めぐみ,めみ,よしみ,れいみ
愛美華	あみか,えみか
愛美梨	あみり,えみり
愛美理	あみり,えみり
愛美里	あみさ,あみり,えみり
愛美麗	あみり,まりな
愛姫	あいら,あやめ,ありす,えみ,ひめか
愛姫子	あきこ,まきこ
愛苗	あいな,まなえ
愛楓	あいか,かのん,まなか
愛風	あいか,まなか
愛蕗	あいる,える,めぶき,める
愛保	あいほ,まなほ
愛歩	あいほ,あゆみ,まなほ,らぶ
愛穂	あいほ,まなほ
愛朋	あいほ,まなほ,まほ
愛萌	あいほ,まなほ,まほ,めるも
愛望	あいの,あいみ,あのん,あみ,かなみ,まなみ
愛未	あいみ,あみ,いつみ,えみ,つぐみ,まなみ,まみ,めぐみ,めみ
愛魅	あいみ,あみ,まなみ,めみ
愛巳	あいみ,まなみ
愛娘	あいら,あこ,まむ
愛名	あいな,らな
愛弥	あいみ,あみ,まなみ,まや
愛弥夏	あみか,あやか
愛弥花	あみか,あやか
愛弥華	あみか,あやか
愛弥香	あやか,えみか
愛唯	あゆい,うい,まい,まゆ,めい
愛唯菜	あいな,めいな
愛唯奈	あいな,めいな
愛優	あやさ,あゆう,まゆ,まゆう
愛優羽	あゆう,あゆは
愛優華	あゆか,あゆは
愛優香	あやか,あゆか
愛優美	あゆみ,まゆみ
愛友	あゆう,まゆ
愛友花	あゆか,まゆか
愛悠	あゆう,まゆ
愛有	あいり,めあり
愛有華	あゆか,おうか
愛由菜	あゆな,まゆな
愛葉	あいは,いとは,かなは,なるは,まなは,やすは
愛羅	あいら,らら
愛利	あいり,めり
愛李	あいり,うい,えり,まなり,めい,めり
愛李菜	あいな,ありな
愛梨	あいな,あいり,ありん,えり,にいな,まなり,まり,まりん,めり
愛梨香	ありか,えりか
愛梨沙	ありさ,ありす
愛梨菜	ありな,えりな
愛梨子	ありす,えりこ,まりこ
愛梨奈	ありな,えりな
愛理	あいり,えり,える,まなり,まり,めり
愛理香	ありか,えりか
愛理沙	ありさ,えりさ,まりさ
愛理咲	ありさ,えりさ
愛理子	ありす,えりこ,まりこ
愛理紗	ありさ,えりさ,まりさ
愛璃	あいり,あいる,えり,まなり,めり
愛里	あいり,えみ,えり,まなり,まり,めり
愛里加	ありか,えりか
愛里沙	ありさ,ありす,えりさ,まりさ
愛里彩	ありあ,ありさ
愛里菜	ありさ,ありな,えりな
愛里子	ありす,えりこ,まりこ
愛里紗	ありさ,えりさ,まりさ
愛里奈	ありな,えりな,まりな
愛流	あいる,める
愛溜	あいる,める
愛留	あいる,える,めぐる,める
愛良	あいら,めい
愛倫	あいり,ありん,まりん
愛琳	あいり,あいりん,ありん,まりん
愛瑠	あいる,える,ひより,まりる,めぐる,める,りる
愛伶	あいり,あいりん,まり
愛礼	あいら,らら
愛鈴	あいり,あいりん,ありす,ありん,えりん,まりん
愛麗	あいら,あいり,うらら,まり,らら
愛侑夏	あゆか,あゆな
愛來	あいら,あこ,めぐる,らら
愛凛	あいり,あいりん,ありん,えり,えりん,まなり,まりん
愛徠	あいら,らら
愛惠	いとえ,かなえ,まなえ,よしえ
愛栞	あいか,まなか
愛梛	あいな,あんな,らな
愛琥	あいこ,あこ
愛莉	あいり,えり,まなり,まり,めり
愛莉花	えりか,まりか
愛莉香	ありか,えりか,まりか
愛莉彩	ありあ,ありさ
愛莉子	ありす,えりこ
愛莉奈	ありな,まりな
愛萠	あいほ,まなほ,めるも
愛蕾	あいか,あいら,あつほ
愛凜	あいり,あいりん,ありん,えり,まなり
挨莉	あいり,ひらり
逢佳	あいか,おうか
逢夏	あいか,おうか
逢花	あいか,おうか
逢華	あいか,おうか
逢叶	あいか,おうか
逢沙	あいさ,あずな
逢桜	あいさ,あいら
逢子	あいこ,あこ
逢実	あいみ,あみ,ほのり
逢紗	あいさ,あいしゃ
逢心	あいみ,あこ
逢美	あいみ,あみ
逢望	あいみ,あみ
逢未	あいみ,あみ
葵愛	きあら,りりあ
葵衣奈	あいな,けいな
葵加	あいか,あおか
葵夏	あいな,あおか,あおな,まりか
葵果	あおか,あおは
葵華	あおか,あおは
葵希	きき,りの
葵己	あおな,きき,きこ
葵湖	あこ,きこ
葵瑚	あこ,きこ
葵香	あいか,あおか,きょうか
葵菜	あいな,あおな
葵咲	きさ,きさき
葵子	あいこ,あこ,きこ
葵心	あいる,あこ,きこ
葵奈	あいな,あおな
葵那	あいな,あおな
葵乃	あいの,あおの,きの
葵美	あおみ,あみ
葵梨	あいり,あおり
葵璃	あいり,あおり
葵里	あいり,あおり
葵來	あおな,あこ,きこ
葵凛	あいり,ありん
葵莉	あいり,あおり
茜子	あかね,あこ
茜優	あやさ,あゆう
旭夏	あさか,あさな
旭海	あきみ,あさか,あさみ
旭香	あさか,ききょう
旭子	あきこ,あさこ
旭代	あきよ,てるよ
旭美	あきみ,あさみ
梓幸	あずき,あずさ
梓七	あずな,しなの
梓紗	あずさ,あづさ
梓奈	あずな,しな
梓乃	あずな,あずの
梓美	あざみ,あずみ
梓里	あいり,あずさ
絢愛	あやな,あやめ
絢永	あやえ,はるえ
絢音	あやね,はるね
絢佳	あやか,じゅんか
絢夏	あやか,あやな,じゅんか
絢歌	あやか,じゅんか
絢花	あやか,あやな,じゅんか
絢華	あやか,じゅんか
絢海	あやか,あやみ
絢椛	あやか,じゅんか
絢恵	あやえ,あやめ
絢江	あやえ,あやこ
絢香	あやか,しゅうか
絢沙	あずな,あやさ
絢菜	あやな,じゅな,じゅんな,はるな
絢咲	あみ,あやさ
絢子	あやこ,あやね,じゅんこ,はるこ
絢心	あこ,あみ,あやね,あやみ
絢水	あみ,あやみ
絢星	あやせ,あやほ,あやみ
絢生	あやせ,はるな
絢奈	あやな,じゅんな
絢那	あやな,じゅんな
絢凪	あやな,じゅんな
絢捺	あやな,じゅんな
絢乃	あやの,はるの
絢美	あみ,あやみ
絢望	あみ,あやの,あやみ
絢夢花	あゆな,あゆは
絢名	あやな,じゅんな
綾愛	あやえ,あやめ
綾伽	あやか,りょうか,りんか
綾佳	あやか,りょうか,りんか
綾加	あやか,りんか
綾夏	あやか,あやな,りょうか,りんか,りんな
綾架	あやか,りんか
綾歌	あやか,りょうか
綾花	あやか,あやな,あやは,りょうか,りんか
綾華	あやか,りょうか,りんか
綾海	あやか,あやみ
綾叶	あやか,りょうか,りんか
綾樺	あやか,りょうか,りんか
綾圭	あやか,りんか
綾恵	あやえ,あやめ
綾香	あやか,あやこ,りょうか,りんか
綾沙	あずな,あやさ
綾菜	あやな,りょうな,りんな
綾子	あこ,あやこ,あやね,りょうこ,りんこ
綾雫	あやな,りんな
綾七	あやな,りょうな,りんな
綾渚	あやな,りんな
綾心	あこ,あやみ,りんこ
綾水	あやな,あやみ
綾星	あこ,あやせ,あやほ
綾生	あやせ,あやな
綾奈	あやな,りょうな,りんな
綾那	あやな,りょうな,りんな
綾凪	あやな,りんな
綾南	あやな,りんな
綾納	あやな,りんな
綾波	あやな,あやみ
綾美	あみ,あやみ
綾朋	あやほ,りほ
綾来	あやな,あやみ
綾蘭	あやか,りょうか,りんか
綾梨	あやな,あやり
綾梛	あやな,りんな
綾絆	あずな,あやな
鮎子	あゆこ,あゆみ
安音	あのん,あんね
安結	あゆい,あゆう
安見	あみ,やすみ
安菜	あんな,やすな
安子	あこ,やすこ
安実	あみ,やすみ
安珠	あみ,あんじゅ,あんず
安寿	あんじゅ,あんず
安樹	あんじゅ,あんな
安純	あすみ,あずみ
安澄	あすみ,あずみ
安奈	あんな,やすな
安那	あんな,やすな
安波	あんな,やすは
安美	あみ,あんみ,やすみ
庵樹	あんじゅ,あんず
庵奈	あんな,いおな
杏音	あのん,あんね,ももね
杏佳	きょうか,ももか
杏夏	あんな,きょうか,こなつ,ももか
杏果	きょうか,ももか
杏歌	きょうか,ももか
杏花	あずは,あんな,きょうか,このか,ももか
杏茄	あんな,きょうか
杏海	あずみ,あみ,あんみ
杏希	あずき,あのん
杏胡	あこ,きょうこ
杏瑚	あこ,きょうこ,ももこ
杏幸	あこ,このか
杏香	きょうか,ももか
杏沙	あずさ,あずな
杏菜	あんな,きょうな
杏咲	あずさ,ももえ
杏子	あこ,あんず,あんね,きょうこ
杏実	あずみ,あみ,あんず,あんみ,こうみ
杏朱	あんじゅ,あんず
杏珠	あみ,あんじゅ,あんず
杏寿	ありす,あんじゅ,あんず
杏樹	あんじゅ,あんな
杏純	あすみ,あずみ,あんじゅ
杏心	あこ,あみ,あんな,あんみ
杏水	あみ,あんず,あんな
杏瑞	あんず,あんみ
杏澄	あすみ,あずみ,あんず
杏成	あんな,ゆえ
杏泉	あずみ,あんみ
杏奏	あんな,きょうか,ももか
杏奈	あんな,きょうな,もな,ももな
杏那	あんな,きょうな
杏南	あんな,あんみ,きょうな
杏虹	あこ,きょうこ
杏乃	きょうの,ももの
杏美	あずみ,あづみ,あみ,あんみ,きょうみ
杏望	あずみ,あみ,あんみ
杏未	あずみ,あみ,あんみ
杏弥	あみ,あんみ
杏来	あこ,あんな
杏鈴	ありん,あんず
杏和	あんな,きょうか,きょうな
杏來	あこ,あんな
杏壽	あんじゅ,あんず
杏栞	あおり,きょうか,もか
伊依	いよ,いより
伊津見	いつみ,いづみ
伊津実	いつみ,いづみ
伊都子	いつこ,いとこ
伊南	いなみ,よしな
依愛	いちか,いより
依子	えこ,よりこ
依実	いちか,えま,えみ,つぐみ
依生	えな,つぐみ
依直	いちか,えな
依都華	いとか,いとは
依美	えみ,つぐみ
依望	えみ,つぐみ
依未	えま,えみ,つぐみ
依鈴	いすず,えりん
依和	いちか,いより,えな
依來	えこ,えな
依莉	いより,えり
偉子	ひでこ,よりこ
惟愛	ありあ,いちか,いより,ゆいあ,ゆいな
惟乃	ゆいの,ゆの,よしの
惟名	ありな,ゆいな
維愛	いちか,いより
維羽	ゆいは,ゆきは
維音	ゆいね,ゆきね
維佳	いよ,ゆいか
維夏	こなつ,ゆいか
維華	ゆいか,ゆいは
維子	ゆいこ,ゆきこ
維七	ゆいな,ゆきな
維代	いよ,すみよ
維乃	ゆいの,ゆきの
維葉	いよ,ゆいは,ゆきは
衣音華	いとか,いとは
衣江	えみ,きぬえ
衣子	きこ,きぬこ,よりこ
衣珠奈	いずな,えみな
衣真	いちか,えま
衣代	いよ,いより
衣乃	きの,その
衣美	えみ,きみ,そよ
衣葉	いよ,そよ
衣梨	えな,えり
衣和	いより,えな
衣茉	えま,このか
衣莉	いまり,えり
衣莉花	いちか,えりか
育依	いくえ,やすえ
育海	いくみ,はぐみ
育己	いくこ,いくみ
育子	いくこ,やすこ
育実	いくみ,はぐみ
育心	いくみ,はぐみ
育代	いくよ,やすよ
育美	いくみ,はぐみ
育未	いくみ,はぐみ
育弥	いくみ,いくよ
郁愛	あやめ,いちか
郁依	あやえ,いくえ,いくよ,ふみえ
郁羽	あやは,ふみは
郁映	あやえ,いくえ,ふみえ
郁栄	あやえ,いくえ,ふみえ
郁瑛	あやえ,いくえ,ふみえ
郁英	あやえ,いくえ,ふみえ
郁詠	あやえ,いくえ,ふみえ
郁音	あやね,かのん
郁伽	あやか,ふみか
郁佳	あやか,ふみか
郁嘉	あやか,ふみか
郁夏	あやか,あやな,ふみか
郁果	あやか,ふみか
郁架	あやか,ふみか,ゆうか
郁歌	あやか,ふみか
郁花	あやか,このか,ふみか
郁華	あやか,ふみか
郁海	あやみ,いくみ
郁絵	あやえ,いくえ,ふみえ
郁恵	あやえ,いくえ,ふみえ
郁見	あやみ,いくみ
郁己	いくこ,いくみ
郁湖	あやこ,いくこ,ふみこ
郁江	あやえ,いくえ,ふみえ
郁香	あやか,いくこ,ふみか
郁菜	あやな,ふみな
郁子	あやこ,いくこ,かおるこ,かこ,くにこ,ふみこ
郁枝	あやえ,いくえ,ふみえ
郁七	あやな,ふみな
郁実	あやみ,いくみ,このか
郁重	あやえ,いくえ
郁心	あやな,あやみ,いくみ
郁代	いくよ,ふみよ
郁奈	あやな,ふみな
郁那	あやな,ふみな,ゆうな
郁凪	あやな,ふみな
郁南	あやな,ふみな
郁乃	あやの,かの,ふみの
郁巴	あやは,ふみは
郁波	あやは,いくみ,ふみは
郁芭	あやは,ふみは
郁帆	あやほ,いくほ
郁美	あやみ,いくみ,ゆうみ
郁保	あやほ,いくほ
郁歩	あやほ,いくほ,かほ
郁穂	あやほ,いくほ,かほ
郁朋	あやほ,いくほ
郁未	あやみ,いくみ
郁弥	いくみ,いくよ
郁葉	あやは,かよ,ふみは
郁里	あやり,かおり,ゆり
郁凛	あやり,かおり
郁惠	あやえ,いくえ,ふみえ
郁莉	あやり,かおり
一愛	いちか,ちあり,ちなり,ちより,ひとみ,ひめ,ひより
一依	いより,ひより
一栄	いちは,かずえ
一縁	いより,ひより
一夏	いちか,いちな,ちなつ,ひなつ
一禾	いちか,いちの
一花	いちか,いちな,いちは
一華	いちか,いちは,ちはな
一会	いちか,かずえ
一絵	かずえ,ひとえ
一鞠	いまり,ひまり
一恵	かずえ,ちえ,のぶえ
一瑚	いちこ,いちご
一菜	いちな,かずな,ふみな
一三	ひとみ,ひふみ
一子	いちこ,かずこ,くにこ
一笑	かずえ,ちえ
一奈	いちな,かずな
一那	いちな,かずな
一二三	いろは,ひとみ,ひふみ
一乃	いちの,ちの,ひの
一波	いちは,ひなみ
一凛	いちか,かりん
一茉里	いまり,ひまり
逸子	いつこ,としこ
允子	ちかこ,のぶこ,まさこ,みつこ
因	ちなみ,ゆかり
韻羽	おとは,おとわ
右子	あきこ,ゆうこ
右乃	うの,ゆうの
宇楽	うたの,うらら
宇宙音	そらね,そらの
羽愛	はな,わかな
羽湖	はこ,わこ
羽胡	はこ,わこ
羽瑚	はこ,わこ
羽子	はこ,わこ
羽純	はすみ,はずみ
羽澄	はすみ,はずみ
羽生	うい,うぶ,はな
羽乃	うの,はの
羽波	はな,はなみ
羽舞	うぶ,ひらり
羽野	うの,はの
雨月	あるな,うづき
卯月	ういか,うづき
云芳	みか,みほ
運子	かずこ,ゆきこ
叡子	あきこ,えいこ,さとこ,としこ,よしこ
叡実	あきみ,さとみ,よしみ
叡美	あきみ,えいみ,さとみ,よしみ
営奈	えいな,えな
営美	えいみ,えみ
影湖	あきこ,えいこ,ようこ
影子	あきこ,えいこ,ようこ
映海	えいみ,えみ,ひでほ
映月	えるな,はづき
映見	えみ,ともみ
映香	えいか,てるか
映菜	えいな,えな,はな
映子	あきこ,えいこ,てるこ,はるこ
映七	えな,はな
映奈	えいな,えな,はな
映那	えいな,えな,はな
映凪	えな,はな
映南	えいな,えな,はな
映美	あきみ,えいみ,えみ,ひでほ
映未	えいみ,えみ
栄恵	はるえ,よしえ
栄見	えいみ,えみ
栄菜	えいな,えな,はな
栄子	えいこ,しげこ
栄実	えいみ,えま,えみ
栄奈	えいな,えな,はな,はるな
栄那	えいな,えな,はな,はるな
栄凪	えな,はな
栄南	えいみ,はな
栄美	えいみ,えみ
栄名	えいな,えな
栄弥	えいみ,えみ
栄里	えいり,えり
栄莉	えいり,えり
永夏	えいか,えな,とうか,はるな
永花	えいか,えいな,とうか
永華	えいか,とうか
永海	えいみ,えみ,ひさみ
永恵	のりえ,ひさえ
永綱	なつな,なづな
永香	えいか,とうか
永菜	えいな,えな,はるな
永子	えいこ,のりこ,ひさこ
永雫	えな,はるな
永七	えな,えり,はるな
永実	えいみ,えみ
永渚	えな,はるな
永奈	えいな,えな,はるな
永那	えいな,えな
永納	えな,えり,はるな
永美	えいみ,えみ
永舞	えいま,えま
永望	えいみ,えみ
永満	えいみ,えま
永未	えいみ,えま,えみ
永名	えいな,えな,はるな
永梨	えり,ひらり
永理	えり,ひらり
永鈴	えり,えりん
永恋	えこ,えれん
永梛	えいな,えな
永莉	えいり,えり,ひらり
泳子	えいこ,ようこ
瑛愛	えな,てぃあら
瑛夏	あきか,えいか
瑛果	えいか,てるか
瑛禾	あきか,えいか
瑛花	あきか,えいか,えみか,てるか
瑛華	あきは,えいか,てるか
瑛瑚	あきこ,ようこ
瑛菜	えいな,えな,てるな
瑛子	あきこ,えいこ,えこ,たまこ,てるこ,はなこ,ようこ
瑛実	えいみ,えま,えみ
瑛心	えいこ,えいみ,えみ
瑛水	えいな,えみ
瑛成	えな,てるな
瑛代	あきよ,てるよ
瑛奈	えいな,えな,てるな
瑛那	えいな,えな
瑛南	えいな,えな
瑛楠	えいな,えな
瑛帆	あきほ,てるほ
瑛美	あきほ,あきみ,えいみ,えみ
瑛舞	えま,えむ
瑛満	えいみ,えま
瑛未	えいみ,えま,えみ
瑛名	えいな,えな
瑛弥	えいみ,えみ
瑛梨	あかり,えいり,えり
瑛理	あきえ,えいり,えり
瑛璃	えいり,えり
瑛梛	えいな,えな
瑛凜	えいり,えり
英愛	あやめ,えな
英佳	あやか,えいか,はなか,ひでか
英夏	はな,はなか,はなこ
英果	あやか,えいか,はなか
英架	えいか,はなか
英花	えいか,はなか,ひでか
英華	あやか,えいか,はなか,ひでか
英海	えいみ,えみ,はなみ
英叶	あやか,えいか
英見	えみ,ひでほ
英香	えいか,えいこ,はなか,ひでか
英菜	あやな,えいな,えな,はな
英子	えいこ,えこ,てるこ,はなこ,ひでこ
英実	えいみ,えみ,はなみ,ひでほ
英世	はなよ,ひでよ
英代	てるよ,はなよ,ひでよ
英奈	あやな,えいな,えな,はな
英那	あやな,えいな,えな,はな
英乃	あやの,はなの
英美	あやみ,えいみ,えみ,はなび,はなみ,ひでほ,ひでよ
英未	えいみ,えま,えみ
英名	えな,はな
英夜	はなよ,ひでよ
英利	えり,ひらり
英梨	えいり,えり
英理	えいり,えり
英璃	えり,ひらり
英里	えいり,えり,ひらり
英鈴	えり,えりん
英恋	えこ,えれん
英凛	えいり,えり,えりん
英莉	あやり,えり,ひらり
詠菜	うたな,えいな,えな
詠子	うたこ,えいこ,えいみ
詠実	えいみ,えみ
詠心	うたこ,えみ
詠成	うたな,えな
詠奈	うたな,えいな,えな
詠那	うたな,えな
詠凪	うたな,えな
詠南	えいみ,えな
詠波	うたな,うたは
詠美	えいみ,えみ
詠舞	えま,えむ
詠未	えいみ,えま
詠梛	うたな,えな
悦子	えつこ,よしこ
榎恋	えれん,かれん
円	つぶら,まどか,まる,まるみ
円奏	まどか,みつか
艶子	あつこ,よしこ
苑佳	そのか,そのよ
苑香	あやか,そのか,そのこ
央佳	おうか,ひろか
央花	おうか,ひろか
央華	おうか,ひろか
央香	おうか,ひろか
央采華	おとか,おとは
央子	ちかこ,てるこ,ひさこ,ようこ
往衣	いくえ,ゆい
王花	おうか,きみか
乙愛	おとあ,おとえ,おとめ
乙衣	おとえ,めい
乙羽	おとは,おとわ
乙映	おとえ,おとは
乙花	おとか,おとは
乙華	おとか,おとは
乙海	おとか,おとみ
乙見	いつみ,おとみ
乙子	いつこ,くにこ
乙実	いつみ,おとみ,つぐみ
乙美	いつみ,おとみ,つぐみ
乙姫	おとめ,つばき
乙未	おとみ,つぐみ
温子	あつこ,はるこ,みつこ
温乃	はるの,よしの
穏花	しずか,のどか,ほのか,やすか
穏奈	しずな,やすな
音々華	ねねか,ねねは
音杏	おとあ,のあ
音衣	おとき,ねい
音映	おとえ,おとは
音音	おとね,ねね
音果	おとか,おとは
音花	おとか,おとは
音華	おとか,おとは,ののか
音海	あのん,おとみ
音叶	おとか,のんの
音希	おとき,おとね,のの,のんの
音彩	おとあ,ねいろ,のあ
音子	おとね,ねね
音色	ねいろ,ねね
音心	いちご,おとみ
音祢	おとね,ねね
音寧	おとね,ねね
音乃	おとの,のの,のんの
音杷	おとは,おとわ
音琶	おとは,おとわ
音姫	おとは,おとめ
音嶺	おとね,ねね
伽綾	かや,かりん
伽子	かこ,ときこ
佳愛	かあい,かなえ
佳加	けいか,よしか
佳果	けいか,よしか
佳禾	けいか,よしか
佳花	かはな,けいか,よしか
佳華	かはな,けいか,よしか
佳己	かこ,よしみ
佳鼓	かこ,よしこ
佳瑚	かこ,けいこ
佳香	かこ,かのか,けいか,よしか
佳菜	けいな,よしな
佳子	かこ,かのこ,けいこ,よしこ
佳奈	かんな,けいな,よしな
佳那	けいな,よしな
佳南	かなみ,かなん,かのん
佳乃	かの,かのん,よしの
佳帆里	かおり,かほり
佳苗	かなえ,けいな
佳保里	かおり,かほり
佳穂理	かおり,かほり
佳穂里	かおり,かほり
佳也	かなり,かや
佳耶	かや,けいか
佳野	かの,よしの
佳弥	かや,よしみ
佳誉	かほ,かよ
佳良	かよ,よしみ
佳恋	かこ,かれん
加暖	かなん,かのん
加保里	かおり,かほり
嘉子	かこ,ひろこ,よしこ
嘉乃	かの,ひろの,よしの
夏々海	ななみ,ののか
夏愛	かあい,なつえ,なつめ
夏映	なつえ,なつは
夏音	あかね,かいん,かの,かのん,なつね,なつの,なの
夏花	かはな,なつか,なつは
夏華	なつか,なつな,なつは
夏海	なつみ,まりん
夏叶	なつか,なほ
夏恵	なつえ,なつめ
夏呼	かこ,かよ,なつこ
夏湖	かこ,なつこ
夏胡	かこ,なこ
夏瑚	かこ,なこ,なつこ
夏光	なつこ,なつみ
夏香	なちか,なつか,なつこ
夏菜子	かなこ,ななこ
夏菜美	かなみ,ななみ
夏子	かこ,なつこ,なつね,ななこ
夏七葉	かなは,ななは
夏渚子	かなこ,ななこ
夏世	かよ,なつよ
夏星	かほ,なつほ
夏代	かよ,なつよ
夏奈子	かなこ,ななこ
夏奈帆	かなほ,ななほ
夏那	かなん,なつな,なづな
夏南	かなみ,かなん,かのん,なつな,ななみ
夏乃	かの,なつの,なの
夏乃羽	かのは,なのは
夏乃花	なのか,なのは
夏乃葉	かのは,なのは
夏埜	かの,なつの
夏波	かなみ,なつは,なつみ,ななみ
夏帆	かほ,なつほ,なほ
夏苗	かなえ,ななえ
夏保	かほ,なつほ
夏歩	かほ,なつほ,なほ
夏穂	かほ,なつほ,なつみ,なほ
夏宝	かほ,なつほ
夏峰	なつね,なつみ
夏朋	かほ,なほ
夏萌	かほ,なつめ
夏望	かのん,なつみ
夏夢	かのん,なつめ,なゆ
夏名子	かなこ,ななこ
夏夜	かや,かよ,なつよ
夏野	かの,かや,なつの
夏弥	かや,なつみ
夏葉	かのは,かよ,なつは,なつよ
夏梨	かりん,なつな
夏恋	かこ,かれん,なこ,なつこ
夏梛	なつな,なづな
果音	かいん,かのん
果暖	かのん,はのん
果奈	はな,らな
果奈子	かなこ,はなこ
果南	かなみ,かなん,かのん,はな
果乃	かの,はの
果名子	かなこ,はなこ
果恋	かこ,かれん
架音	かいん,かのん
架恋	かこ,かれん
歌愛	うたえ,らら
歌音	うたね,かのん
歌花	うたは,かはな
歌子	うたこ,かこ
歌奈	うたな,かんな
歌南	うたな,かなん,かのん
歌乃	うたの,かの
歌波	うたは,かなみ
歌姫	あゆみ,まりん
歌野	うたの,かの
歌葉	うたは,かよ
火乃	かの,ひの
禾瑚	かこ,わこ
禾子	かこ,ひでこ,わこ
花愛	かあい,かなり,かの,かれん,かんな,はな,はなえ,はなか
花衣菜	かいな,けいな
花英	かはな,はなえ
花詠	かよ,はなえ
花音	かいん,かおり,かなり,かのん,はな,はなね,はのん,はるね
花夏	はな,はなか
花果	はなか,みちか
花火	かこ,かほ,はなか,はなび
花華	かはな,はな,はなか,もか
花霞	かすみ,はなか
花湖	かこ,はなこ
花胡	かこ,かなん,はなこ
花瑚	かこ,はこ,はなこ
花香	かこ,はなか,はなこ,みちか
花彩	かや,はるあ
花菜	かんな,はな,はんな
花菜子	かなこ,はなこ
花菜乃	かなの,はなの
花咲	さつき,にこ,はなえ
花子	かこ,はなこ,はなね
花実	あゆみ,かざね,はなみ,もとみ
花珠	はなみ,もとみ
花笑	かえら,にこ,はなえ
花心	かこ,かのん,はなこ,はなみ
花世	かよ,はなよ
花善	かよ,はなよ
花奏	はな,はなか
花代	かよ,はなよ
花暖	かのん,はなの,はのん
花奈	はな,はなか,はんな
花奈子	かなこ,はなこ
花那	かなん,はな
花那子	かなこ,はなこ
花南	かなみ,かなん,かのん,はな,はなみ
花乃	かの,はなの,はの,はるの
花乃音	かのん,はのん
花乃香	かのか,かのこ
花之	かの,はなの
花埜	かの,かや,はなの
花波	かなみ,はな,はなみ
花帆	かほ,はるほ
花美	あゆみ,えみ,かほ,はなび,はなみ
花苗	かなえ,はなえ
花楓	かえら,かほ,はなか
花保里	かおり,かほり
花穂里	かおり,かほり
花望	かの,はなの,はなみ
花夜	かや,かよ,はなよ
花耶	かや,はなか
花野	かの,かや,はなの
花弥	かや,はなみ
花葉	かよ,はなよ
花陽	かや,かよ,はなび,はなよ
花梨	かりん,はな
花恋	かこ,かれん,はなこ
花和	かの,はな,はなか,もとか
花栞	かおり,はなか,みちか
茄子	かこ,なこ
華愛	かなり,かのん,かれん,はな,はるあ
華依菜	かいな,けいな
華衣奈	かいな,かえな
華永	はな,はなえ
華音	かいん,かの,かのん,はなね,はのん
華禾	はなか,はなの
華花	かはな,はな,はなか
華海	かの,きよか,はなみ
華恵	はなえ,はるえ
華呼	かよ,はなこ
華己	かこ,はな,はなこ
華瑚	かこ,はこ,はなこ
華香	かこ,はなか
華菜恵	かなえ,はなえ
華菜子	かなこ,はなこ
華菜乃	かなの,はなの
華咲	はなえ,はるえ
華子	あやこ,かこ,なこ,はこ,はなこ,はるこ
華実	かざね,はなみ
華純	かすみ,はすみ
華心	かこ,はなこ,はなみ
華澄	かすみ,はすみ
華世	かよ,はなよ
華成	かなり,はな
華代	かよ,はなよ
華暖	かのん,はのん,はるる
華奈	はな,はんな
華奈江	かなえ,はなえ
華奈子	かなこ,はなこ
華奈乃	かなの,はなの
華那子	かなこ,はなこ
華凪	はな,はんな
華南	かなみ,かなん,かのん,はな
華南乃	かなの,はなの
華乃	かの,はな,はなの,はの,はるの
華埜	かの,かや,はなの
華波	かなみ,はな
華帆	かほ,はるほ
華美	かほ,はなび,はなみ
華苗	かなえ,はなえ
華穂	かほ,さほ
華望	はなの,はなみ
華未	はなび,はなみ
華娘	かこ,はなこ,はるこ
華也	かなり,かや
華夜	かや,かよ,はなよ
華野	かの,かや,はなの
華弥	かや,はなび,はなみ
華与	かよ,はなよ
華来	かこ,はこ
華鈴	かりん,かれん
華恋	かこ,かれん,はなこ
華和	はな,はるあ
霞南	かすみ,かのん
芽愛	めい,めいあ,めいな,めぐみ
芽育	めい,めぐみ
芽華	ちはな,めいか
芽海	めいみ,めぐみ,めみ
芽子	めいこ,わかこ
芽実	めいみ,めぐみ,めみ
芽心	めみ,める
芽生	めい,めいな,めいみ,めぐみ,めばえ,めみ
芽美	めいみ,めぐみ,めみ
芽蕗	めぶき,める
芽未	めいみ,めぐみ,めみ
芽巳	めいみ,めぐみ,めみ
芽弥	めいみ,めみ
芽留	めぐる,める
芽和	めいか,めいな
賀子	かこ,しげこ,のりこ,よしこ,よりこ
雅愛	まさえ,みやび
雅紀子	あきこ,まきこ
雅瑚	かこ,みやこ
雅香	のりか,まさこ
雅子	のりこ,まさこ,みやこ,もとこ,よしこ
雅姫	みき,みやび,ゆらら
会子	あいこ,あこ
会那	あいな,えな,かいな
廻蕗	みぶき,みる
懐子	ちかこ,なつこ,やすこ
海愛	のあ,みあ,みあい,みう,みりあ,めい
海葵	みあ,みき
海衣	うい,みい,みえ
海宇	みう,みそら
海羽	うみは,みう,みはね,みわ
海夏	かいな,まりか,まりな,みか,みなつ
海花	みか,みはな,みはる
海華	みか,みはな,みはる,るいか
海結	みゆ,みゆう
海瑚	かこ,みこ
海香	みか,みこ
海彩	みあ,みさ
海采	みこと,みと
海菜	かいな,まりな
海咲	みさ,みさき
海子	あこ,みこ
海実	みちか,みみ
海寿	みこと,みすず
海織	かおり,みおり
海心	えみ,まりん,みこ
海星	みほ,みほし
海暖	みのん,みはる
海智	みさと,みち
海都	みさと,みと
海凪	かいな,みなぎ
海南	かいな,かなん
海南江	かなえ,みなえ
海南子	かなこ,みなこ
海美	きらら,みはる,みみ
海姫	まりん,みき
海風	みか,みふう
海歩	かほ,みほ
海穂	うみほ,かほ,みほ
海朋	うみほ,みほ
海夢	まりん,みゆ
海夜	みや,みよ
海弥	みみ,みや
海佑	みう,みゆ,みゆう
海優	あゆう,みう,みゆ,みゆう
海優南	みうな,みゆな
海友	みゆ,みゆう
海悠	みちか,みはる,みゆ,みゆう
海有	みあ,みう,みゆ,みゆう
海柚	みゆ,みゆう
海裕	みひろ,みゆ
海遊	みゆ,みゆう
海葉	うみは,みよ
海遥	みはる,みよ
海陽	みあ,みはる,みや,みよ
海伶	みれ,みれい
海嶺	みね,みれい
海怜	かれん,みさと,みれい
海恋	かこ,かれん,みこ
海和子	みなこ,みわこ
海侑	みう,みゅう,みゆ,みゆう
海昊	みそら,みひろ
海莉菜	かりな,みりな
海釉	みゆ,みゆう
絵愛	えな,えま
絵菜	えな,かいな
絵真	えま,えみ
絵舞	えま,えむ
絵未	えま,えみ
絵麗菜	えりな,えれな
絵恋	えこ,えれん
凱子	ときこ,よしこ
浬世	りせ,りよ
馨音	かのん,きよね
馨花	きょうか,けいか
馨菜	きよな,けいな
馨子	かおるこ,かこ,きょうこ,きよこ,けいこ,よしこ
馨美	かほ,きよみ
格子	こうこ,のりこ,まさこ
学歩	かほ,まほ
楽羅	ささら,らら
楽良	ささら,らら
叶歌	かのか,きょうか
叶花	かなは,かのか,かはな,きょうか,ともか
叶華	かなは,かのか,かのは,かはな,きょうか,のあ,やすは
叶希	かなみ,かのこ,かのん
叶瑚	かこ,かなこ,きょうこ
叶香	かのか,きょうか
叶菜	かんな,きょうな,やすな
叶子	かこ,かなこ,かのこ,きょうこ,ようこ
叶春	かなは,かのは
叶晴	かなは,かのは
叶乃	かなの,かの,かのん
叶波	かなみ,かのは
叶帆	かなほ,かほ
叶歩	かなほ,かほ
叶穂	かなほ,かほ
叶宝	かなほ,かほ
叶望	かなの,かなみ,かの,かのん,のの
叶葉	かなは,かのは
叶来	かえら,かこ
叶梨	かなり,かりん
叶鈴	かなり,かりん
叶恋	かこ,かなこ,かれん,きょうこ,のこ
叶凛	かなり,かりん
椛	いろは,はな
椛杏	かなん,もあ
椛子	かこ,にこ,はなこ
椛奈	ここな,はな
椛那	はな,もな
椛乃	かの,はなの
樺音	かの,かのん
茅愛	ちな,ちなり
茅依	ちえ,ちよ,ちより
茅夏	ちな,ちなつ
茅恵	ちえ,ちさと
茅幸	ちさき,ちゆき
茅咲	ちえ,ちえみ,ちさ,ちさき
茅紗	ちさ,ちすず
茅笑	ちえ,ちえみ
茅代	あきよ,ちよ
茅捺	ちな,ちなつ
茅乃	かやの,ちの
茅由	ちゆ,ちより
茅里	ちさと,ちり
侃子	なおこ,やすこ
寛夏	かんな,ひろか
寛菜	かんな,ひろな
寛子	あつこ,かこ,ちかこ,ひろこ
寛奈	かんな,ひろな
寛乃	ちかの,ひろの
幹菜	かんな,みきな
幹子	きこ,ともこ,みきこ,もとこ
幹南	かんな,みきな
歓子	やすこ,よしこ
歓乃	かの,よしの
環海	たまみ,めぐみ
環子	たまこ,わこ
環美	たまみ,めぐみ
緩菜	かんな,ゆな
観愛	みあ,みあい
観音	かのん,みおん,みね
観花	みか,みはな
観凪	かんな,みなぎ
閑子	しずこ,のりこ
丸子	まりこ,まるこ
伎映	あやえ,さえ
伎栄	あやえ,さえ
伎永	あやえ,さえ
伎瑛	あやえ,さえ
伎詠	あやえ,さえ
伎伽	あやか,さえか
伎加	あやか,さえか
伎可	あやか,さえか
伎夏	あやか,あやな,さえか
伎架	あやか,さえか
伎花	あやか,さえか
伎華	あやか,さえか
伎海	あやみ,きみ
伎絵	あやえ,さえ
伎恵	あやえ,さえ
伎香	あやか,さえか
伎紗	あやさ,きさ
伎重	あやえ,さえ
伎穂	あやほ,きほ
伎萌	あやほ,あやめ
喜栄	きえ,よしえ
喜海	きみ,よしみ
喜絵	きえ,よしえ
喜恵	きえ,よしえ
喜香	ゆきか,よしか
喜咲	きさ,きさき
喜子	きこ,のぶこ,ひさこ,よしこ
喜実	きみ,よしみ
喜重	きえ,よしえ
喜奈	はるな,ゆきな
喜乃	きの,よしの
喜美	きみ,よしみ
喜来	きき,きく,きこ
基子	きこ,のりこ,もとこ
嬉咲	きさ,きさき
嬉子	きこ,よしこ
嬉枝	きえ,きき
嬉乃	きの,よしの
希々	きき,ねね,のの
希葵	きき,のあ
希杏	ききょう,のあ,のあん
希依	きえ,きより,のい,のえ
希衣	きえ,のい
希羽	このか,のあ,ののは,みう
希叶	ききょう,きょうか,ののか
希結	のあ,まゆ
希幸	きこ,きさき,このか
希香	ききょう,きこ,ののか
希彩	きさ,きよら,のあ
希菜	にな,のな
希咲	きえ,きさ,きさき,きさら
希桜	きさ,このか
希子	きこ,のこ
希心	きこ,のこ
希乃	きの,のの
希乃花	きのか,ののか,ののは
希乃香	きのか,ののか
希妃	きき,きさき
希楓	のの,ののか
希歩	きほ,のあ
希穂	きほ,まほ
希朋	きほ,まほ
希萌	きほ,まほ
希未	あすみ,きみ
希来	きき,きく,きこ
希璃乃	きりの,まりな
希來	きき,きこ
幾子	いくこ,ちかこ
祈愛	きあら,きえ,のあ
祈希	きき,きの
祈空	きく,のあ
祈咲	きさ,きさき
祈子	きこ,れいこ
季依	きえ,きより
季恵	きえ,としえ
季瑚	きこ,ときこ,としこ
季咲	きえ,きさ,きさき
季子	きこ,ときこ,としこ,ひでこ
季枝	きえ,きき
季美	きみ,ひでほ
季來	きき,きこ
季穗	きほ,ときほ
稀瑛	きえ,みゆ
稀彩	きさ,まあや
稀咲	きさ,きさき
稀美	きみ,まみ
稀来	きき,きこ
紀杏	のあ,のあん
紀依	あきえ,のりえ
紀衣	きえ,のりえ
紀英	きえ,のりえ
紀佳	のりか,もとか,よしか
紀加	のりか,もとか
紀華	ことか,のりか
紀絵	あきえ,きえ,のりえ
紀恵	きえ,としえ,のりえ
紀江	きえ,としえ,のりえ
紀咲	きえ,きさ,きさき
紀子	いとこ,きこ,としこ,のりこ
紀枝	きえ,のりえ
紀実	きみ,つぐみ
紀実佳	きみか,きみよ
紀乃	あきの,きの,ことの,のの,よしの
規子	きこ,ちかこ,のりこ
記子	きこ,のりこ
貴栄	きえ,たかえ
貴絵	きえ,たかえ
貴恵	きえ,たかえ
貴江	きえ,たかえ,よしえ
貴咲	きさ,きさき
貴子	あつこ,きこ,たかこ,たかね
貴乃	きの,たかの
貴美	あつみ,きみ,よしみ
貴歩	きほ,たかほ
貴穂	きほ,たかほ
貴朋	きほ,たかほ
貴野	きの,たかの
起子	かずこ,ゆきこ
輝愛	きあら,てぃあら,れあ
輝依	あきえ,てるえ
輝夏	てるか,てるな
輝恵	きえ,てるえ
輝咲	きえ,きさ,きさき
輝子	あきこ,きこ,てるこ,ひかるこ
輝笑	あきえ,きえ,てるえ
輝星	かほ,きあら,きさら,きほ,きらら,てるほ
輝乃	あきの,きの
輝帆	きほ,てるほ
輝穂	きほ,てるほ
輝夜	かぐや,てるよ
亀子	きこ,ひさこ
宜子	たかこ,のぶこ,のりこ,よしこ
鞠	きく,まり,まりえ
鞠依	まりい,まりえ
鞠衣	まりい,まりえ
鞠歌	きくか,まりか
鞠香	まりか,まりこ
鞠乃	きくの,まりの
鞠野	きくの,まりの
久見	くみ,ひさみ
久実	くみ,ひさみ
久珠	くみ,ひさみ
久美	くみ,ひさみ
久弥	くみ,ひさみ
久和	ひさな,ひより
弓愛	ゆな,ゆみえ
弓依	ゆい,ゆみえ
弓衣	ゆい,ゆえ,ゆみえ
弓加	ゆか,ゆみか
弓夏	ゆか,ゆみか
弓華	ゆか,ゆみか
弓月	ゆつき,ゆづき
弓菜	ゆな,ゆみな
弓奈	ゆな,ゆみな
弓那	ゆな,ゆみな
弓凪	ゆな,ゆみな
弓和	ゆな,ゆみか
亨花	きょうか,ゆきか
亨華	あきは,きょうか,ゆきか
亨恵	みちえ,ゆきえ
亨江	あきえ,みちえ,ゆきえ
亨香	きょうか,みちか,ゆきか
亨子	あきこ,あつこ,きょうこ,ちかこ,としこ,みちこ,ゆきこ,りょうこ
亨枝	みちえ,ゆきえ
享子	きょうこ,たかこ,ゆきこ
京伽	きょうか,けいか,ひろか
京佳	きょうか,けいか
京夏	きょうか,けいか
京歌	きょうか,けいか
京禾	きょうか,けいか
京花	きょうか,けいか,ことか
京華	きょうか,けいか,ことか,ことは
京香	きょうか,きょうこ,けいか,ことか
京子	きょうこ,けいこ,みやこ
京実	あつみ,きょうみ
京奈	きょうな,けいな
京那	きょうな,けいな
京南	きょうな,けいな
京未	あつみ,きょうみ
京蘭	きょうか,けいか
共子	きょうこ,ともこ
匡子	きょうこ,まさこ
喬子	きょうこ,たかこ
喬美	きょうみ,たかよ
恭永	やすえ,ゆきえ
恭音	たかね,ゆきね
恭伽	きょうか,ゆきか
恭佳	きょうか,やすか,ゆきか
恭加	きょうか,ゆきか
恭可	きょうか,ゆきか
恭果	きょうか,ゆきか
恭歌	きょうか,ゆきか
恭花	きょうか,すみか,やすか,ゆきか
恭華	きょうか,やすは
恭樺	きょうか,ゆきか
恭江	ひさえ,ゆきえ
恭香	きょうか,やすか
恭菜	たかな,ゆきな
恭子	きょうこ,たかこ,ちかこ,のりこ,みつこ,やすこ,ゆきこ,よしこ
恭実	ともみ,ゆきみ
恭代	たかよ,やすよ
恭奈	きょうな,たかな,やすな,ゆきな
恭寧	たかね,ゆきね
恭乃	たかの,やすの,ゆきの,よしの
恭帆	やすほ,ゆきほ
恭美	きょうみ,ゆきみ
恭穂	たかほ,やすほ,ゆきほ
教子	きょうこ,のりこ
郷夏	きょうか,さとか
郷花	きょうか,さとか
郷香	きょうか,さとか
郷子	きょうこ,さとこ
鏡花	きょうか,けいか
響愛	おとあ,おとめ
響音	おとね,ひなの,れいね
響伽	おとか,きょうか
響可	きょうか,ひびか
響禾	おとか,きょうか,ひびか
響花	おとは,きょうか,ひびか
響華	おとは,きょうか,ひびか
響香	おとか,きょうか,きょうこ,ひびか
響美	おとみ,きょうみ,きよみ
響望	おとみ,なりみ
尭子	あきこ,たかこ
暁音	あかね,あきね,さとね
暁花	あきか,きょうか
暁海	あきみ,あけみ
暁香	あきか,きょうか
暁子	あかね,あきこ,きょうこ,さとこ,ときこ,としこ
暁巴	あきは,さとは
暁美	あきみ,あけみ,さとみ
桐佳	きりか,とうか
桐夏	きりか,とうか
桐果	きりか,とうか
桐歌	きりか,とうか
桐禾	きりか,とうか
桐花	きりか,とうか
桐華	きりか,とうか
桐胡	きりこ,とうこ
桐香	きりか,とうか
桐子	きりこ,とうこ
桐乃	きりの,ひさの
琴愛	ことえ,ことな
琴依	ことえ,このか
琴羽	ことね,ことは,このか
琴映	ことえ,ことは
琴栄	ことえ,ことは
琴音	ことこ,ことね
琴夏	ことか,ことな,こなつ
琴果	ことか,ことは
琴禾	ことか,ことの
琴花	ことか,ことな,ことは,このか
琴華	ことか,ことは
琴海	ことか,ことみ
琴香	ことか,ことこ
琴子	ことこ,ことね,ことみ
琴春	ことは,このか
琴心	ことこ,ことみ
琴晴	ことは,このか
琴生	ことは,ことみ
琴奏	ことか,ことな
琴帆	ことは,ことほ
琴峰	ことね,ことみ
琴望	ことの,ことみ
琴遥	ことは,このか
琴梨	ことな,ことり
琴和	ことか,ことな
芹夏	せりか,せりな
芹華	せりか,せりは
芹奈	せいな,せりな
謹子	ちかこ,のりこ
金穂	かなほ,かほ
吟羽	うたは,おとは
吟音	うたね,おとね
吟花	おとか,おとは
吟春	うたは,おとは
吟巴	うたは,おとは
吟葉	うたは,おとは
空海	くみ,そらみ
空沙奈	あさな,あすな
空子	あきこ,あこ
空詩	かのん,のあ,らら
空実	あいみ,あみ,そらみ
空心	あこ,あみ,くみ
空澄	あすみ,あずみ
空乃	その,そらの
空美	あみ,くみ,こうみ,そらみ
空未	あみ,くみ,そらみ
空夢	あゆめ,らむ
空來	あこ,くみ
空凛	あいら,そらり
君佳	きみか,なおか
薫香	かおるこ,ゆきか
薫子	かおるこ,くにこ,しげこ,ひでこ,ふさこ,まさこ,ゆきこ
薫美	ひでほ,ゆきみ
薫穂	かほ,ゆきほ
訓子	くにこ,のりこ
啓佳	けいか,ひろか
啓花	けいか,ひろか
啓菜	けいな,はるな
啓子	あきこ,けいこ,ひろこ
啓代	たかよ,てるよ,のぶよ,ひろよ
圭加	きよか,けいか
圭夏	きよか,けいか
圭花	きよか,けいか
圭華	きよか,けいか
圭恵	たまえ,よしえ
圭香	かおり,きよか,けいか,けいこ
圭子	かこ,きよこ,けいこ,よしこ
圭乃	かの,きよの,よしの
圭美	きよみ,たまみ,よしみ
圭未	きよみ,たまみ
圭恋	かこ,かれん
契子	けいこ,ひさこ
径子	けいこ,みちこ
恵羽	あやは,けいな
恵佳	あやか,けいか,さとか
恵夏	けいか,けいな
恵花	あやか,あやね,えな,けいか,よしか
恵華	あやか,けいか
恵芽	あやめ,めぐみ
恵海	えみ,えみる,めぐみ
恵観	えみ,めぐみ
恵見	えみ,めぐみ
恵湖	えこ,けいこ
恵瑚	えこ,けいこ
恵光	えみ,めぐみ
恵江	めぐみ,よしえ
恵香	けいか,けいこ,やすか
恵彩	あやさ,めい
恵菜	あやな,えな,けいな
恵子	あやこ,えこ,けいこ,さとこ,やすこ,よしこ
恵実	あやみ,えま,えみ,めぐみ
恵珠	えみ,めぐみ
恵深	えみ,めぐみ
恵水	えみ,めぐみ
恵聖	えみ,けいせい
恵奈	あやな,えな,けいな
恵那	あやな,えな,けいな
恵凪	あやな,えな,けいな
恵楠	えな,けいな
恵乃	あやの,よしの
恵美	あやみ,えみ,さとみ,めぐみ
恵文	えみ,めぐみ
恵望	えみ,めぐみ
恵未	えみ,さとみ,めぐみ
恵魅	えみ,めぐみ
恵巳	えみ,さとみ,めぐみ
恵名	えな,けいな
恵梨	えり,えりん,さとり
恵理	えり,さとり
恵流	える,めぐる
恵留	えみる,える,めぐる
恵瑠	える,めぐる,める
恵令奈	えれな,れな
恵恋	えこ,えれん
恵路	える,めぐみ
恵和	あやな,えな
恵凛	あやり,えり,えりん
恵梛	えな,けいな
恵莉	えり,めり
慶佳	けいか,みちか,よしか
慶花	けいか,のりか,よしか
慶香	きょうか,けいか,けいこ,のりか
慶子	きょうこ,けいこ,ちかこ,のりこ,みちこ,やすこ,よしこ
慶乃	やすの,よしの
慧佳	けいか,さとか
慧華	けいか,さとか
慧瑚	えこ,さとこ
慧香	けいか,さとか
慧子	えいこ,えこ,けいこ,さとこ
慧実	えみ,ちえみ
慧真	えま,さとみ
慧奈	えな,けいな
慧那	えな,けいな
慧凪	えな,けいな
慧美	えみ,さとみ,ちえみ
慧理	えり,さとり
慧里	えり,さとり
慧琳	えり,えりん
敬佳	きょうか,けいか
敬香	きょうか,けいか,よしか
敬子	きょうこ,けいこ,たかこ,のりこ,ひろこ,ゆきこ,よしこ
敬代	あきよ,たかよ
敬乃	たかの,ゆきの
敬美	あきみ,いつみ,きよみ
景夏	けいか,けいな
景花	きょうか,けいか
景香	きょうか,けいか,ひろか
景子	あきこ,えいこ,きょうこ,けいこ,ひろこ,ようこ
桂夏	けいか,けいな
桂子	けいこ,よしこ
渓花	けいか,けいな
経子	つねこ,のりこ
計子	かずこ,けいこ
詣子	けいこ,まいこ
芸子	のりこ,よしこ
結亜	ゆいあ,ゆうあ
結愛	あのん,ひめ,めい,めいあ,ゆあら,ゆい,ゆいあ,ゆいか,ゆいな,ゆいま,ゆうあ,ゆうか,ゆうな,ゆうみ,ゆえ,ゆか,ゆな,ゆの,ゆのあ,ゆま,ゆみ,ゆゆ,ゆら,ゆらら,ゆり,ゆりあ
結愛花	ゆあら,ゆめか
結愛菜	ゆいな,ゆめな
結愛奈	ゆいな,ゆめな
結依	ゆい,ゆえ
結依花	ゆいか,ゆいな
結依乃	ゆいな,ゆいの
結衣	ゆい,ゆえ
結衣愛	ゆいあ,ゆいな
結衣夏	ゆいか,ゆいな
結衣花	ゆいか,ゆいな,ゆいは,ゆか
結衣乃	ゆいな,ゆいの
結郁	ゆい,ゆいか,ゆか
結稲	ゆいな,ゆいね
結永	ゆいな,ゆな
結榎	ゆいか,ゆか
結伽	ゆいか,ゆか
結佳	けいか,ゆいか,ゆうか,ゆか
結加	ゆいか,ゆうか,ゆか
結可	ゆいか,ゆうか,ゆか
結嘉	ゆいか,ゆうか,ゆか
結夏	ゆいか,ゆいな,ゆうか,ゆうな,ゆか,ゆな
結果	ゆいか,ゆうか,ゆか
結架	ゆいか,ゆうか,ゆか
結歌	ゆいか,ゆうか,ゆか
結珂	ゆいか,ゆうか
結花	ゆいか,ゆいな,ゆいは,ゆうか,ゆうな,ゆか,ゆな
結華	ゆいか,ゆいは,ゆうか,ゆうは,ゆか,ゆな
結嘩	ゆいか,ゆうか,ゆか
結芽子	かなん,ゆめこ
結賀	ゆいか,ゆうか,ゆか
結海	ゆい,ゆいか,ゆいな,ゆいみ,ゆうな,ゆうみ,ゆみ
結叶	ゆいか,ゆうか,ゆか,ゆかな,ゆのか
結椛	ゆいか,ゆうか,ゆか
結樺	ゆいか,ゆか
結希愛	ゆきあ,ゆのあ
結希音	ゆきね,ゆきの
結祈	ゆい,ゆいの
結季子	ゆきこ,ゆきね
結稀音	ゆきね,ゆきの
結空	ゆいあ,ゆうあ,ゆら
結圭	ゆいか,ゆうか,ゆか
結月	ゆつき,ゆづき
結己	ゆいな,ゆうな
結己奈	ゆきな,ゆみな
結湖	けいこ,ゆうこ
結光	ゆいみ,ゆみ
結香	ゆいか,ゆうか,ゆか,ゆのか
結彩	ゆい,ゆいあ,ゆうあ,ゆさ
結菜	ゆいな,ゆうな,ゆな
結咲	ゆい,ゆえ,ゆさ,ゆら
結子	ゆいこ,ゆいね,ゆうこ,ゆみ
結七	ゆいな,ゆうな,ゆな
結実	ゆい,ゆいみ,ゆうみ,ゆみ
結珠花	ゆずか,ゆずは
結珠華	ゆずか,ゆずは
結充	ゆいみ,ゆうみ
結春	ゆいは,ゆうは
結渚	ゆいな,ゆうな,ゆな
結織	ゆいり,ゆり
結心	ゆい,ゆいこ,ゆいな,ゆいみ,ゆうこ,ゆうな,ゆうみ,ゆな,ゆの,ゆみ,るな
結真	ゆいま,ゆま
結水	ゆいみ,ゆみ
結成	ゆいな,ゆうな,ゆな
結星	ゆいほ,ゆほ,ゆらら
結晴	ゆいは,ゆのは
結生奈	ゆいな,ゆうな,ゆきな
結泉	ゆい,ゆみ
結奏	ゆいか,ゆいな,ゆうか,ゆうな,ゆかな
結暖	ゆいの,ゆうの,ゆの,ゆのん
結奈	けいな,ゆいな,ゆうな,ゆな
結那	ゆいな,ゆうな,ゆな
結凪	けいな,ゆいな,ゆうな,ゆな
結捺	ゆいな,ゆうな,ゆな
結南	ゆいな,ゆうな,ゆな
結楠	ゆいな,ゆうな,ゆな
結日	ゆい,ゆいか
結寧	ゆいね,ゆな
結乃	ゆいな,ゆいの,ゆうの,ゆな,ゆの
結乃花	ゆのか,ゆのは
結乃華	ゆのか,ゆのは
結波	ゆいな,ゆいは,ゆな
結美	ゆいみ,ゆうみ,ゆみ
結楓	ゆいか,ゆうか,ゆか
結風	ゆいか,ゆか
結穂	ゆいほ,ゆほ
結望	ゆいの,ゆいみ,ゆうの,ゆうみ,ゆの,ゆみ
結未	ゆいみ,ゆうみ,ゆみ
結巳	ゆいみ,ゆみ
結夢	ゆうゆ,ゆな,ゆのん,ゆゆ
結名	ゆいな,ゆうな,ゆな
結明	ゆい,ゆうあ
結也	ゆうか,ゆや
結野	ゆいの,ゆうの,ゆの
結弥	ゆいみ,ゆみ
結由	ゆうゆ,ゆゆ
結葉	ゆいは,ゆうは,ゆのは
結来	ゆあら,ゆな,ゆら
結璃	ゆいり,ゆり
結里華	ゆりか,ゆりは
結鈴	ゆり,ゆりん
結麗	ゆいり,ゆら,ゆり
結恋	ゆいこ,ゆうこ
結來	ゆいな,ゆうこ,ゆうな,ゆな,ゆら
結栞	ゆいか,ゆうか,ゆか
結梛	ゆいな,ゆうな,ゆな
結眞	ゆま,ゆみ
結絆	ゆいな,ゆずな,ゆな
結翔	ゆいか,ゆか
結莉愛	ゆりあ,ゆりな
月愛	つきえ,るな
月杏	るあん,るのあ
月映	つきえ,つきは
月詠	つきえ,つきよ
月音	かのん,このか,つきね,るね,るのん
月夏	つきか,るな
月果	つきか,つきは
月花	つきか,つきな,つきは,るな,るるか
月華	つきか,つきは
月海	つきみ,つぐみ
月叶	つきか,るな
月菜	つきな,るうな,るな
月深	つきみ,つぐみ
月星	つきほ,るな
月奏	つきか,つきな,るな,るのん
月奈	つきな,るな
月那	つきな,るな
月南	つきな,つきみ,るな
月寧	つきね,るな,るね
月波	つきは,るな
月姫	あかり,かぐや,きらら,まりん,るな
月望	つきの,つきみ
月麗	らら,るな
憲子	かずこ,のりこ
絹依	きぬえ,きぬよ
絹子	きぬこ,まさこ
見音	みね,みのん
見空	みく,みそら
見幸	みさき,みゆき
見彩	みあ,みさ,みさえ,みや
見恕	みくに,みひろ,みゆき
見悠	みちか,みはる,みゆ
見流	みはる,みる
見來	みき,みく,みくる
賢子	さとこ,よりこ
元香	あさか,もとか
元子	ちかこ,もとこ
元美	あさみ,もとみ
絃依	いとえ,ふさえ
絃衣	いとえ,ふさえ
絃映	いとえ,いとは
絃栄	いとえ,いとは
絃永	いとえ,ふさえ
絃英	いとえ,ふさえ
絃果	いとか,いとは
絃花	いとか,いとは
絃華	いとか,いとは
絃江	いとえ,ふさえ
絃枝	いとえ,ふさえ
古都華	ことか,ことは
己瑚	きこ,みこ
己桜	このか,みはる
己子	きこ,みこ
己晴	おとは,このか,みはる
己生	みい,みき
己葉	おとは,このか
己遥	おとは,このか
己怜	みさと,みれい
己莉	みり,みれい
湖花	このか,みずか
湖姫	このか,みずき
伍子	いつこ,くみこ,ともこ
悟子	さとこ,のりこ
瑚々愛	ここあ,ここな
瑚々波	ここな,ここは
瑚都花	ことか,ことは
瑚鈴	こすず,このか
倖愛	こうめ,ゆきあ,ゆきな
倖羽	このか,ゆきは
倖佳	さちか,ゆきか
倖花	さちか,ゆきか
倖華	さちか,ゆきか
倖恵	さちえ,ゆきえ
倖瑚	こうこ,さちこ
倖菜	ここな,ゆきな
倖子	こうこ,さちこ,ゆきこ
倖枝	さちえ,ゆきえ
倖雪	このか,さゆき
倖奈	さちな,ゆきな
倖寧	ゆきな,ゆきね
倖乃	さちの,ゆきの
倖帆	さちほ,さほ,ゆきほ
倖歩	さちほ,ゆきほ
倖穂	さちほ,ゆきほ
倖朋	さちほ,ゆきほ
倖陽	このか,さちよ
光愛	みあ,みつえ
光依	みい,みつえ
光衣	みい,みつえ
光羽	てるは,みう
光永	みつえ,みはる
光英	みつえ,みはな
光音	みおん,りのん
光夏	こなつ,みか,みつか,みなつ
光花	このか,みか,みちか,みつか,みはな,りんか
光華	みか,みつか,みはな,みはる
光空	みあ,みく,みそら
光恵	みえ,みつえ
光幸	このか,みゆき
光香	ひろか,みか,みつか
光沙	ありさ,みさ
光彩	ひいろ,みあ,みさ
光冴	みさ,みつひ
光咲	ありさ,みさ,みさき
光桜	ありさ,このか,みさ,みはる
光子	こうこ,てるこ,ひかるこ,みこ,みつこ,みね
光実	こうみ,みつみ
光紗	ありさ,みさ,みすず
光寿	ありす,みこと,みすず
光春	このか,みはる
光笑	みさき,みつえ
光織	ひおり,みおり
光世	てるよ,みつよ,みよ
光星	みほ,みほし
光晴	このか,みはる
光生	みい,みう
光雪	このか,みゆき
光代	てるよ,みつよ
光虹	みく,みつこ
光帆	あきほ,みつほ,みほ
光姫	このか,みき
光蕗	みぶき,みる
光保	みつほ,みほ
光歩	みつほ,みほ
光穂	あきほ,みつほ,みほ
光夜	てるよ,みつよ
光唯	みい,みゆ
光佑	みう,みゆ
光優	みゆ,みゆう,もね
光悠	みはる,みゆ,みゆう
光祐	みゆ,みゆう
光裕	みひろ,みゆ,みゆう
光遥	このか,みはる,みよ
光陽	このか,みはる
光伶	みさと,みれい
光綺	みき,みずき
公子	きみこ,こうこ,さとこ,ともこ,ひろこ,まさこ,ゆきこ
公実	くみ,こうみ,さとみ
公美	くみ,こうみ,さとみ,ともみ,ひとみ
功子	ことこ,のりこ
向日葵	あかり,ひまり,ひまわり
向陽	このか,ひまり
好栄	このか,よしえ
好佳	このか,よしか
好加	このか,よしか
好可	このか,よしか
好嘉	このか,よしか
好夏	こなつ,このか,みなつ,よしか
好歌	このか,よしか
好花	このか,よしか
好華	このか,みはる,よしか
好海	こうみ,このか,よしみ
好恵	すみえ,よしえ
好見	このか,よしみ
好香	このか,よしか
好子	こうこ,よしこ
好実	このか,よしみ
好珠	このか,すず
好美	このか,よしみ
好望	このか,みゆ,よしの
好未	このか,よしみ
孝夏	きょうか,たかな
孝子	あつこ,きょうこ,こうこ,たかこ,もとこ,ゆきこ
孝枝	たかえ,のりえ
孝乃	たかの,よしの
宏佳	ひろか,ひろよ
宏香	ひろか,ひろこ
宏子	こうこ,ひろこ
幸愛	こうめ,さち,さちえ,ゆきあ,ゆきえ,ゆきな
幸依	さちえ,さちよ,ゆい
幸衣	さちえ,ゆきえ
幸映	さえ,さちえ,ゆきえ,ゆきは
幸栄	さちえ,ゆきえ
幸永	さちえ,さちな,ゆきえ,ゆきな
幸音	さきね,ゆきね,ゆの,ゆのん
幸佳	さちか,ゆか,ゆきか
幸加	さちか,ゆきか
幸夏	こなつ,さちか,ゆきか,ゆきな
幸果	さちか,ゆきか,よしか
幸架	さきか,ゆきか
幸歌	さちか,ゆきか
幸禾	さいか,さちか
幸花	このか,さいか,さちか,ともか,にこ,ゆきか,ゆきな
幸華	このか,さちか,ゆきか,ゆきは
幸絵	さちえ,ゆきえ
幸恵	こうめ,さえ,さちえ,ゆえ,ゆきえ
幸結	さゆ,ゆい
幸月	さいか,さつき
幸見	こうみ,ゆきみ
幸呼	こうこ,さちこ,ゆきこ
幸瑚	さちこ,ゆきこ
幸江	さちえ,ゆきえ
幸香	さちか,ゆきか
幸菜	さちな,ゆきな
幸桜	このか,さくら
幸子	こうこ,さちこ,ひでこ,ゆきこ,よしこ
幸枝	さちえ,ゆきえ,よしえ
幸実	こうみ,ゆきみ
幸笑	さちえ,ゆきえ
幸織	さおり,しおり
幸世	さちよ,さよ
幸暖	ゆきあ,ゆきの
幸奈	さちな,ゆきな
幸那	さちな,ゆきな
幸南	さちな,ゆきな
幸乃	さちの,ゆきの
幸波	さなみ,ゆきな
幸帆	さちほ,さほ,ゆきほ
幸美	あきみ,こうみ,しほ,ゆきみ
幸保	さちほ,ゆきほ
幸歩	さちほ,ゆきほ
幸穂	さちほ,さほ,しほ,みほ,ゆきほ
幸未	こうみ,ゆきみ
幸来	さら,ゆきな
幸来子	さきこ,ゆきこ
幸恋	さちこ,にこ
幸和	さわ,ゆきな
幸穗	さちほ,ゆきほ
康羽	しずは,やすは
康夏	こなつ,やすか
康香	しずか,やすか
康子	こうこ,ひろこ,みちこ,やすこ
康乃	やすの,よしの
弘恵	ひろえ,ゆきえ
恒子	ちかこ,つねこ,ひさこ
昂子	こうこ,たかこ
晃羽	あきは,てるは
晃江	あきえ,てるえ
晃子	あきこ,こうこ,てるこ,ひかるこ
晃代	あきよ,てるよ
江凛	えり,えりん
浩夏	こなつ,ひろか
浩菜	はるな,ひろな
浩奈	はるな,ひろな
浩那	はるな,ひろな
皇華	おうか,きみか
皇子	こうこ,みこ
紅愛	くれあ,こうめ,べにお
紅映	いろは,くれは
紅栄	いろは,くれは
紅果	くれは,べにか,りんご
紅花	いろは,くれは,このか,べにか
紅華	いろは,くれは,べにか
紅海	くみ,べにか
紅桜	このか,べにお
紅子	あかね,こうこ
紅実	くみ,こうみ
紅春	いろは,このか
紅晴	いろは,くれは,このか
紅生	くれは,べにお
紅巴	いろは,くれは
紅波	いろは,くれは
紅芭	いろは,くれは
紅美	くみ,こうみ
紅遥	いろは,くれは,このか
紅梨	あかり,くり
紅璃	あかり,いろり
紅麗	あかり,くらら
紅和	べにお,べにか
紅莉	あかり,くり
紘夏	ひろか,ひろな
紘子	こうこ,ひろこ
行夏	ゆか,ゆきな
行子	いくこ,やすこ,ゆきこ
行那	あんな,ゆきな
行美	いくみ,ゆきみ
香愛	かなり,こうめ
香綾	かや,かりん
香夏	きょうか,こなつ
香花	かはな,きょうか,このか
香華	かはな,きょうか,このか,よしか
香海	かりん,こうみ,このか
香魚子	あゆこ,かなこ
香胡	かおるこ,かこ,かなん,きょうこ
香瑚	かこ,こうこ
香菜美	かなみ,こなみ
香子	かおるこ,かこ,かのこ,きょうこ,こうこ,ようこ,よしこ
香実	かなり,こうみ,このか
香心	かざね,こうみ
香晴	かのは,このか
香暖	かのん,かれん,このか
香奈子	かなこ,かなみ
香奈穂	かなほ,かなみ
香南	かなみ,かなん,かのん,かんな
香乃	かの,よしの
香乃子	かなこ,かのこ
香波	かなみ,こなみ,このか
香美	かほ,こうみ,このか
香風	きょうか,このか
香保理	かおり,かほり
香保里	かおり,かほり
香穂理	かおり,かほり
香穂里	かおり,かほり
香萌	かほ,こうめ
香夜	かぐや,かや,かよ
香野	かの,かや
香弥	かぐや,かや,こうみ
香葉	かのは,かよ,このか
香遥	かすみ,このか
香陽	かよ,このか
香怜	かおり,かれん
香鈴	かりん,こすず
香恋	かこ,かれん
香來	かぐや,かこ
香凛	かおり,かりん
香凜	かおり,かりん
穀子	よしこ,よりこ
此美	ここみ,このか
佐依	さえ,さより
佐英	さあや,さえ
佐紀子	さきこ,さきね
佐彩	さあや,さや
佐咲	さえ,ささ
佐波	さなみ,さわ
佐伴子	さとこ,さわこ
佐保	さお,さほ
佐良	さよ,さら
佐和	さより,さわ
沙愛	さお,さちか,さら
沙綾	さあや,さや
沙依	さい,さえ,さよ,さより
沙稀花	さきか,さきな
沙月	さつき,はづき
沙彩	さあや,さや
沙彩子	さや,さやこ
沙咲	さえ,ささ,さら,さわ
沙桜	さお,さくら,さら
沙那	さや,すずな
沙波	さなみ,さわ
沙夜	さや,さよ
沙夜子	さやこ,さよこ
沙弥	さや,ゆりな
沙藍	さら,さらん
沙蘭	さら,さらん
沙理	さあや,さり
沙良	さよ,さら
沙麗	さら,さり
沙和	さや,さより,さわ
沙和香	さやか,さわか
沙侑	さゆ,さゆき
沙莉	さいり,さり
瑳彩	さあや,さや
最愛	もあ,もえ
哉子	かなこ,ちかこ,としこ,やこ
彩愛	あやえ,あやな,あやね,あやの,あやめ,いちか,さえ,さえら,さお,さくら,さちか,さら,にいな,にな
彩葵子	あきこ,さきこ
彩絢	さあや,さや
彩綾	さあや,さや
彩依	さい,さえ,さよ,さより
彩依子	あいこ,さえこ
彩衣	あやえ,さい,さえ
彩衣那	あいな,せいな
彩衣良	あいら,さえら
彩衣莉	あいり,さえり
彩郁	あやか,さあや,さいか
彩羽	あやね,あやは,いろは,さわ,ひらり
彩映	いろは,さえ
彩栄	いろは,さえ
彩永	あやな,さえ
彩瑛	あやえ,さえ
彩英	あやえ,さえ
彩詠	あかね,さえ
彩央	さお,さちか
彩伽	あやか,さいか,さやか
彩佳	あやか,さいか,さよ
彩加	あやか,さいか,さやか
彩可	あやか,さいか
彩嘉	あやか,さいか,さやか
彩夏	あやか,あやな,さいか,さやか
彩果	あやか,いろは,さいか,さやか
彩歌	あやか,さいか,さやか
彩禾	あやか,さいか,さわ
彩花	あやか,あやな,あやは,いろは,さいか,さやか,はな
彩華	あやか,あやは,いろは,さいか,さえか,さやか
彩霞	あやか,さいか
彩賀	あやか,さいか
彩海	あいる,あみ,あやか,あやみ
彩絵	あやえ,さえ
彩叶	あやか,さいか
彩椛	あやか,さいか
彩環	さいか,さわ
彩希子	あきこ,さきこ
彩希乃	あきの,さきの
彩希帆	あきほ,さきほ
彩季子	あきこ,さきこ
彩紀子	あきこ,さきこ
彩弓	あみ,あゆみ,さゆみ
彩琴	あこ,あやこ
彩恵	あやえ,あやめ,さえ
彩結	あゆう,さゆ
彩結香	あゆか,さゆか
彩結子	あゆこ,あゆみ
彩結七	あすな,あゆな
彩結実	あゆみ,さゆみ
彩結奈	あすな,あゆな
彩月	あいる,あやか,さつき
彩見	あみ,あやみ
彩乎	あやか,さや
彩瑚	あこ,あやこ,さこ
彩光	あかね,あこ,あみ,あやみ,あやり
彩幸	あこ,あやこ,さゆき
彩香	あいか,あやか,さいか,さやか
彩沙	あすな,あずな,あやさ
彩沙凪	あさな,あすな
彩砂海	あさみ,あすみ
彩哉香	あやか,さやか
彩咲	あやさ,さえ,ささ,さら,さわ
彩子	あこ,あやこ,さえこ,さこ
彩枝	あやえ,さえ
彩実	あみ,あやみ
彩紗	あやさ,ささ
彩珠	あみ,あやみ
彩春	あやは,いろは
彩純	あすみ,あずみ
彩笑	あやえ,さえ
彩心	あこ,あみ,あやこ,あやね,あやみ,さこ
彩水	あみ,あやな,あやみ
彩澄	あすみ,あずみ
彩世	あやせ,さよ
彩星	あやせ,あやほ
彩晴	あやせ,あやは,いろは
彩生子	あきこ,さきこ
彩聖	あやせ,あやみ,さきよ
彩雪	あやせ,さゆき
彩千花	いちか,いちは,さちか
彩千華	いちか,さちか
彩奏	あやか,あやな,さいか
彩代	あきよ,いよ,さよ,てるよ
彩暖	あのん,あやの,いろは
彩奈	あいな,あやな,りな
彩那	あやな,さやな
彩南	あみ,あやな,あやみ
彩虹	あこ,あやこ
彩乃	あやな,あやね,あやの,さやの,さゆき
彩納	あやな,あやの
彩巴	あやは,いろは
彩波	あやな,あやは,いろは,さなみ
彩琶	あやは,いろは,さわ
彩芭	あやは,いろは
彩八	いろは,さや
彩帆	あやほ,いろは,さほ
彩美	あみ,あやみ,あゆみ,さほ
彩姫	あやね,あやめ
彩百合	あゆり,さゆり
彩苗	あやな,さなえ
彩楓	あやか,さいか,さやか
彩文	あやみ,さあや
彩歩	あやほ,さほ
彩穂	あやほ,さほ
彩朋	あやほ,さほ
彩萌	あやめ,あやも
彩鳳	あやほ,さほ
彩望	あみ,あやの,あやみ
彩満	あみ,あやみ
彩未	あみ,あやみ
彩夢	あやめ,あゆめ,さくら,さゆ
彩也佳	あやか,さやか
彩也夏	あやか,さやか
彩也花	あやか,さやか
彩也香	あやか,さやか
彩也子	あやこ,さやこ
彩也乃	あやの,さやの
彩夜	さや,さよ
彩耶	あやか,さや
彩野	あやの,さや
彩弥	あみ,あやみ,さや
彩弥加	あやか,さやか
彩弥奈	あやな,さやな
彩矢香	さいか,さやか
彩矢乃	あやの,さやの
彩優	あゆう,さゆ
彩優花	あゆか,さゆか
彩優子	あゆこ,さやこ
彩優美	あゆみ,さゆみ
彩優莉	あゆり,さゆり
彩友佳	あゆか,さゆか
彩友香	あゆか,さゆか
彩友実	あゆみ,さゆみ
彩友美	あゆみ,さゆみ
彩悠	いちか,さゆ
彩有	あゆう,さゆ
彩有花	あゆか,さゆか
彩由	さゆ,さよ,さより
彩由佳	あゆか,さゆか
彩由香	あゆか,さゆか
彩由美	あゆみ,さゆみ
彩由里	あゆり,さゆり
彩与	いよ,さよ
彩誉	さほ,さよ
彩葉	あやは,いろは,さよ,さわ
彩遥	あすみ,いろは
彩陽	いろは,さや,さよ
彩藍	さら,さらん
彩李	いろり,さい,さいり,さり
彩梨	あかり,あやり,いろり,さいり,さり
彩理	あいり,あかり,あやり,いろり,さいり,さり
彩璃	あやり,いろり,さり
彩里	あいり,あやり,いろり,さいり,さえり,さり
彩里菜	ありな,さりな
彩良	あいら,さよ,さら,さらら
彩琳	あやり,ありん
彩麗	さえら,さより,さら,さり
彩恋	あこ,あやこ
彩侑	あゆう,さゆ
彩來	あこ,さら
彩凛	あやり,いろり
彩惠	あやえ,さあや,さえ
彩椰子	あやこ,さやこ
彩絆	あずな,あやな,いろは
彩翔	あやか,さいか
彩莉	あかり,あやり,いろり,さいり,さより,さり
彩菫	あすみ,あずみ
彩蕾	あつほ,さら
彩颯	あやは,いろは
彩凜	あやり,ありん
才依	さえ,さよ
才加	さいか,さやか,もとか
才恵	さえ,としえ
采映	いろは,ことは
采永	あやな,さえ
采音	あやね,あやの,ことね
采伽	あやか,ことか,さいか
采佳	あやか,ことか,さいか
采加	あやか,ことか,さいか
采可	あやか,ことか
采夏	あやか,ことか,さいか
采果	あやか,あやは,いろは,ことか,ことは,さいか
采歌	あやか,ことか,さいか
采禾	ことか,さいか
采花	あやか,いろは,ことか,ことは,さいか
采華	あやか,あやは,ことか,ことは,さいか
采霞	あやか,さいか
采海	あやみ,ことみ
采絵	あやえ,ことえ
采叶	あやか,ことか,さいか
采希	ことね,ことの
采恵	あやえ,ことえ
采香	あやか,ことか,さいか
采菜	あやな,ことな
采子	あこ,あやこ,ことこ,ことね,さこ
采実	あやみ,ことみ
采珠	あやみ,ことみ
采春	いろは,ことは
采心	あこ,ことみ
采世	あやせ,ことせ
采晴	いろは,ことは
采生	ことな,ことは,ことみ,さゆき
采代	あやか,さより
采奈	あやな,ことな
采那	あやな,ことな
采祢	あやね,あやの,ことね
采寧	あやね,あやの,ことね
采乃	あやの,ことの
采杷	いろは,ことは
采波	いろは,ことは
采芭	あやは,いろは,ことは
采美	あやみ,ことみ
采楓	あやか,ことか,さいか
采穂	あやほ,ことほ
采萌	あやめ,ともえ
采未	あやみ,ことみ
采巳	あやみ,ことみ
采夢	あのん,あやめ
采葉	あやは,いろは,ことは,さよ
采里	あやり,ことり,さいり
采嶺	あやね,あやの,ことね
采鈴	ことり,さいり
采梛	あやな,ことな
采莉	ことり,さいり
祭李	さいり,まつり
菜々花	ななか,ななは
菜々華	ななか,ななは
菜々海	ななか,ななみ
菜々香	ななか,ななこ
菜々心	ななこ,ななみ
菜ノ花	なのか,なのは
菜ノ華	なのか,なのは
菜愛	なちか,なつね
菜佳	さいか,なのか
菜加	さいか,なのか
菜夏	さいか,なのか
菜果	さいか,なのか
菜花	さいか,なのか,なのは,ののは
菜華	さいか,なのか,なのは
菜弓	なゆ,なゆみ
菜江	さえ,なえ
菜香	さいか,さやか,なのか
菜咲	ささ,なえ
菜子	なこ,ななこ,なのこ
菜心	なこ,ななか
菜晴	なつは,なのは
菜生子	なおこ,なみこ
菜摘	なつみ,なつめ
菜奈海	ななか,ななみ
菜乃果	なのか,なのは
菜乃花	なのか,なのは
菜乃華	なのか,なのは
菜波	ななみ,なのは
菜保子	なおこ,なほこ
菜穂子	なおこ,なほこ
菜夢	さくら,なゆ
菜野花	なのか,なのは
菜宥	さゆ,なゆ
菜悠	なちか,なゆ
菜和子	なおこ,ななこ
際花	あいか,さいか
冴愛	さい,さえ,さえら,さお
冴絢	さあや,さや
冴綾	さあや,さや
冴依	さい,さえ,さより
冴衣	さい,さえ
冴郁	さあや,さや
冴羽	このか,さわ
冴佳	さえか,さよ
冴彩	さあや,ささ,さや
冴桜	さお,ささ
冴子	さえこ,さこ
冴紗	こすず,ささ
冴将	このか,さゆき
冴雪	このか,さゆ,さゆき
冴斐	さあや,さや
冴葉	このか,さよ,さわ
冴蘭	さら,さらん
冴梨	さえり,さり
冴理	さえり,さり
冴璃	さえり,さり
冴里	さえり,さり
冴綺	さあや,さや
冴莉	さえり,さり
咲ら	さくら,さら
咲愛	えま,えみな,さえ,さお,さきえ,さきな,さくら,さちか,さら
咲絢	さあや,さや
咲綾	さあや,さや
咲依	えみい,さい,さえ,さきえ,さよ,さより
咲衣	えみい,さい,さえ,さきえ
咲映	さえ,さきえ
咲栄	さえ,さきえ
咲永	さえ,さきえ
咲瑛	さえ,さきえ
咲英	さえ,さきえ
咲詠	さえ,さよ
咲音	さお,さきね
咲佳	えみか,さきか,しょうか
咲嘉	えみか,さきか
咲夏	えいか,えな,えみか,えみな,さきか,さきな
咲果	えみか,さきか,さくら
咲禾	えみか,さきか,さわ
咲花	えな,えみか,さきか,さきな,さくら,さやか,さら,さわ,しょうか,はな,ももか
咲華	えみか,さいか,さきか,さくら,しょうか,ももか
咲会	さえ,さきえ
咲海	えみ,さくみ
咲絵	さえ,さきえ
咲楽	さくら,さら
咲叶	えみか,さきか
咲希	えま,さつき
咲紀	さきの,さつき,みさき
咲空	さくら,さら
咲恵	さえ,さきえ
咲慧	さえ,さきえ
咲結心	さゆみ,ののあ
咲湖	さこ,しょうこ,みこ
咲胡	えこ,さきこ,さこ
咲幸	さきこ,ささ,さゆき
咲江	さえ,さきえ
咲香	えみか,さきか
咲菜	えな,えみな,さきな,ささ,しょうな
咲桜	さお,さくら,ささ,さら,さらら
咲子	えこ,えみこ,さきこ,さこ,しょうこ,にこ
咲枝	さえ,さきえ
咲実	えま,えみ,さくみ
咲重	さえ,さきえ
咲笑	えみ,さえ,さきえ,さら,さわ
咲織	えみり,さおり
咲心	えこ,えみ,さくみ,さら
咲世	さきよ,さよ
咲雪	えみる,さゆき
咲代	さきよ,さよ
咲奈	えな,えみな,さきな
咲奈絵	あいみ,さなえ
咲那	えな,えみな,さきな
咲凪	えな,えみな,さきな
咲南	えな,えみな,さきな,さなみ
咲埜	さきの,さや
咲波	えな,さなみ
咲帆	さきほ,さほ
咲美	えみ,さくみ,さゆみ,さよ
咲苗	さえ,さなえ
咲楓	えみか,さほ
咲文	さあや,さや
咲保	さきほ,さほ
咲歩	さきほ,さほ
咲穂	さきほ,さくほ,さほ
咲朋	さきほ,さほ
咲未	えま,えみ,さくみ
咲夢	えむ,さくら,さゆ,みゆ,らむ
咲名	えな,えみな,さきな
咲夜	さや,さよ
咲夜子	さやこ,さよこ
咲耶	さくら,さや
咲野	さきの,さや
咲弥	えみ,さや
咲優	さや,さゆ
咲優花	さやか,さゆか
咲優香	さやか,さゆか
咲友美	さとみ,さゆみ
咲有	えみり,さゆ
咲由	さゆ,さゆき
咲与	さきよ,さよ
咲羅	さくら,さら
咲来	さきな,さくら,さゆき,さら
咲頼	さくら,さら
咲藍	さくら,さら,さらん
咲蘭	さくら,さら,さらん
咲利	えみり,さり
咲李	えみり,えり,さり
咲梨	えみり,えり,さり
咲理	えみり,えり,さり
咲璃	えみり,えり,さり
咲里	えみり,えり,さこ,さり,ひらり
咲里奈	えりな,さりな
咲流	えみる,える
咲琉	えみる,える
咲留	えみる,える
咲良	さくら,さよ,さら
咲良子	さくらこ,さよこ
咲瑠	えみる,える
咲礼	さあや,さくら
咲麗	えみり,さくら,さら,さり
咲恋	えれん,さこ
咲和	えな,えみか,えみな,さきな,さより,さわ
咲和子	さなこ,さわこ
咲侑	さゆ,さゆき
咲來	えな,さくら,さこ,さら
咲凛	えみり,えり,さり
咲梛	えな,えみな
咲絆	えみな,さきな
咲莉	えみり,えり,さり
咲莉愛	さりあ,さりな
咲蕾	さくら,さら
咲凜	えみり,えり,さり
桜々	さくら,ささ,らら
桜愛	さあや,さい,さえ,さお,さくら,さちか,さら,さらん,なちか,はな,はるあ,みあ,もあ,らな
桜綾	さあや,さや
桜羽	おとは,さわ
桜音羽	おとは,おとわ
桜花	おうか,さくら,ほのか,ようか
桜華	おうか,さくら,はな,ほのか
桜楽	さくら,さら
桜空	さくら,さら,みあ,みく
桜結	さゆ,みゆ
桜月	さつき,さら,はづき
桜呼	さくらこ,ようこ
桜胡	さくらこ,ようこ
桜幸	さくらこ,さゆき
桜香	おうか,さおり,さくらこ,ほのか,ようか
桜彩	さあや,さくら
桜菜	はるな,らな,るな
桜咲	さえ,さくら,ささ,はるえ
桜子	さくら,さくらこ,さこ,はるこ,ようこ,ろこ
桜笑	さえ,さきえ,さわ
桜心	さくら,さくらこ
桜千	さち,さゆき
桜乃	はるの,ももの
桜妃	おうき,はるえ
桜美	さくみ,さくら,はなみ,まりな
桜姫	おうき,さつき
桜穂	さくほ,さほ
桜夢	さくら,さゆ,みゆ,らむ
桜葉	おとは,さよ
桜来	さくらこ,さら,はるな,ようこ
桜礼	さあや,さくら
桜恋	かれん,さくらこ
桜和	おうか,さわ
桜來	くらら,さくら,さくらこ,さら
桜樂	さくら,さら
桜蕾	さくら,さら
皐月	さつき,めい
皐子	こうこ,さわこ,たかこ
三羽	みう,みわ
三夏	みか,みつか
三花	みか,みつか,みはな
三華	みか,みつか,みはな,みはる
三喜子	さきこ,みきこ
三空	みく,みそら
三恵	みえ,みつえ
三幸	みさき,みゆき
三采	みこと,みと
三紗	みさ,みすず
三智	みさと,みち
三美	みつみ,みみ
三穂	みつほ,みほ
三有	みあ,みゆう
三陽	みつひ,みはる
三里	みさと,みり
三怜	みさと,みれい
三鈴	みすず,みれい
三莉	みり,みれい
三釉	みゆ,みゆう
参子	まいこ,みつこ
燦佳	あきか,あきよ
燦慧	あきえ,さえ
讃良	ささら,さら,さらら
史愛	あやめ,ふみえ
史依	しえ,ふみえ
史衣	しえ,ふみえ
史佳	あやか,ふみか,みか
史夏	あやか,ふみか,ふみな
史果	あやか,ふみか
史花	あやか,ふみか
史華	あやか,ふみか,みか,みはる
史絵	しえ,ふみえ
史恵	しえ,ふみえ
史幸	あやさ,ひとみ
史香	あやか,ふみか
史菜	あやな,しな,ふみな
史子	あやこ,ちかこ,ふみこ
史奈	あやな,ふみな
史乃	あやの,ふみの
史保里	しおり,しほり
史麻	あやめ,しま
史栞	しおり,ふみか
史翔	あやか,ふみか
四つ葉	よつは,よつば
四ツ葉	よつは,よつば
四葉	よつは,よつば
始子	はるこ,もとこ
市子	いちこ,いちご
市葉	いちは,ちよ
志羽	ここは,このか,ゆきは
志夏	ここな,もとか,ゆきな
志恵	しえ,ゆきえ
志菜	ここな,しな,ゆきな
志子	しずこ,なおこ,ゆきこ
志奈	ここな,しな,ゆきな
志那	ここな,しな,ゆきな
志凪	ここな,ゆきな
志南	ここな,ゆきな
志帆	しほ,ゆきほ
志美	ここみ,ゆきみ
志保	しほ,ゆきほ
志保奈	しおな,しほな
志保梨	しおり,しほり
志保理	しおり,しほり
志保里	しおり,しほり
志歩	しほ,ゆきほ
志穂	しほ,ゆきほ
志穂美	しおみ,しほみ
志穂里	しおり,しほり
志和	しな,ゆきな
志梛	ここな,しな
思依	ことえ,しえ
思音	ことね,しのん
思花	ことか,ことは
思穂	ことほ,しほ
枝実	えま,えみ
枝奈	えな,しな
枝里夏	えりか,えりな
祉絵	さちえ,しえ
祉恵	さちえ,しえ
祉保梨	しおり,しほり
祉保理	しおり,しほり
祉保璃	しおり,しほり
祉保里	しおり,しほり
祉保莉	しおり,しほり
祉穂梨	しおり,しほり
祉穂理	しおり,しほり
祉穂璃	しおり,しほり
祉穂里	しおり,しほり
祉穂莉	しおり,しほり
糸映	いとは,しえ
糸果	いとか,いとは
糸花	いとか,いとは
糸華	いとか,いとは
至子	のりこ,ゆきこ
詞花	ことか,ことは
詞恵	ことえ,しえ
詞菜	ことな,しな
詞子	ことこ,のりこ
詞乃	ことの,ふみの
詞美	ことは,ことみ
詞望	ことの,ことみ
詞名	ことな,しな
詩愛	うい,しえ,しおり
詩依	うい,しえ
詩衣	うい,しえ
詩映	うたは,しえ
詩夏	うたな,しな
詩花	うたは,ことか,ことは
詩絵	うたえ,しえ
詩恵	うたえ,しえ
詩菜	うたな,しな,ゆきな
詩子	うたこ,ゆきこ
詩春	うたは,ことは
詩笑	うたえ,しえ
詩心	うたこ,ことみ
詩奈	うたな,しな
詩那	うたな,しな
詩凪	うたな,しな
詩南	うたな,しな
詩乃	うたの,ことの,ゆきの
詩波	うたは,ゆきは
詩保梨	しおり,しほり
詩保理	しおり,しほり
詩保里	しおり,しほり
詩穂梨	しおり,しほり
詩穂理	しおり,しほり
詩穂里	しおり,しほり
詩穂莉	しおり,しほり
詩葉	うたは,ことは
資子	もとこ,よりこ
慈子	しげこ,ちかこ,ひさこ,やすこ,よしこ
慈実	いつみ,なりみ,めぐみ
慈心	いつみ,なりみ
慈乃	ちかの,よしの
慈美	いつみ,なりみ
慈巳	なりみ,めぐみ
時枝	ときえ,はるえ
治恵	ちえ,はるえ
治菜	ちな,はるな
爾子	そのこ,にこ
蒔音	まの,まのん
蒔結	まゆ,まゆう
蒔子	まきこ,まみ
蒔乃	うの,まの
蒔帆	しほ,まほ
蒔歩	しほ,まきほ,まほ
蒔穂	しほ,まきほ,まほ
蒔弥	まみ,まや
蒔梨	まり,まりん
汐音海	しおか,しおみ
汐花	きよか,しおか
汐華	きよか,しおか
汐香	きよか,しおか,しおり
汐菜	きよな,しおな
汐奈	きよな,しおな
汐美	きよみ,しおみ,ゆうみ
汐李	きより,しおり
汐梨	しおり,せり
汐里	しおり,しほり
汐栞	きよか,しおり
汐莉	きより,しおり,せり
雫花	しずか,しずは
雫華	しずか,しずは
七愛	なちか,ななえ,ななみ
七羽	いろは,ななは,なのは
七映	ななえ,ななは
七佳	ななか,なのか
七嘉	ななか,なのか
七夏	ななか,なのか
七果	ななか,なのか
七架	ななか,なのか
七歌	ななか,なのか
七花	ななか,ななは,なのか,なのは
七華	ななか,ななは,なのか
七海	なつみ,ななみ
七叶	ななか,なのか
七樺	ななか,なのか
七瑚	なこ,ななこ
七香	ななか,なのか
七子	なこ,ななこ
七晴	ななは,なのは
七虹	なこ,ななか,ななこ
七乃	ななの,なの
七乃花	なのか,なのは
七乃華	ななか,なのか
七巴	ななは,なのは
七波	ななは,ななみ
七帆	ななほ,なほ
七楓	ななか,なのか
七保	ななほ,なほ
七歩	ななほ,なほ
七穂	ななほ,ななみ,なほ
七宝	ななほ,なほ
七葉	ななは,ななよ,なのは
実愛	みあ,みあい,みい,みう,みえ,みちか,みりあ
実愛李	みあり,みおり
実愛梨	みあり,みおり
実愛理	みあり,みおり
実愛璃	みあり,みおり
実愛里	みあり,みおり
実愛凛	みあり,みおり
実愛莉	みあり,みおり
実愛凜	みあり,みおり
実杏	みあ,みあん
実依	みい,みえ,みよ
実衣	みい,みえ
実郁	みか,みく,みや,みゆ
実羽	みう,みはね,みわ
実羽菜	みうな,みはな
実永	みえ,みはる
実英	みえ,みはな
実園	みおん,みその
実苑	みおん,みその
実央	みちか,みひろ
実温	みおん,みはる
実夏	みか,みなつ
実果	のりか,みか
実歌	みう,みか
実花	のりか,みか,みはな,みはる
実華	みか,みつか,みはな,みはる
実海	みうな,みうみ,みか,みつみ,みみ
実叶	みか,みかな
実柑	みか,みかん
実環	みかん,みわ
実空	みあ,みく,みそら
実結	みゆ,みゆい,みゆう
実結生	みゆい,みゆう,みゆき
実己	みき,みこ
実好	みこ,みずき,みよし
実幸	みさき,みゆき
実紅	みあか,みく,みるく
実香	みか,みほ
実彩	みあ,みさ,みさえ
実彩莉	みあり,みさり
実采	みこと,みと
実冴	みさ,みさえ
実咲	みえ,みく,みさ,みさき
実桜	みさ,みはる
実桜子	みおこ,みさこ
実子	みこ,みね
実枝	みえ,みつえ
実紗	みさ,みすず
実寿	みこと,みすず
実樹	まじゅ,みき
実恕	みくに,みひろ,みゆき
実心	みこ,みみ
実生	みい,みう,みき
実生子	みおこ,みきこ
実早	みさ,みはや
実智	みさと,みち
実兎	みう,みと
実杜	みと,みもり
実都	みくに,みさと,みと
実虹	みく,みこ
実之	みゆ,みゆき
実美	みはる,みみ
実布	みう,みほ
実楓	みう,みふう
実蕗	みぶき,みる
実歩	まほ,みほ
実穂	まほ,みほ
実穂莉	みおり,みほり
実芳	みか,みよし
実豊	みと,みほ
実夢	みむ,みゆ
実命	みこと,みもり
実明	みあ,みはる,みひろ
実夜	みや,みよ
実耶	みか,みや
実弥	みみ,みや
実唯	みい,みゆ,みゆい
実唯菜	みいな,みゆな
実佑	みう,みゆ,みゆう
実優	みう,みひろ,みゆ,みゆう
実友	みゆ,みゆう
実宥	みひろ,みゆ,みゆう
実悠	みちか,みはる,みゆ,みゆう
実憂	みう,みゆ
実有	みあ,みあり,みう,みゆ
実柚	みゆ,みゆう
実由	みゆ,みゆう
実祐	みひろ,みゆ,みゆう
実裕	みひろ,みゆ,みゆう
実夕	みゆ,みゆう
実陽	みはる,みひろ,みや
実李	みき,みり
実伶	みさと,みれい
実嶺	みね,みれい
実怜	みさと,みれい
実鈴	みすず,みれい
実和	みあ,みわ
実侑	まゆ,みう,みゆ,みゆう,みゆき
実昊	みそら,みひろ
実栞	みおり,みかん
実莉菜	まりな,みりな
偲穂	しほ,しほり
紗愛	さえ,さお,さち,さちか,さら,さらん,すずな
紗綾	さあや,さや
紗依	さい,さえ,さよ,さより,すずよ
紗維	さい,さゆき
紗衣	さい,さえ
紗衣佳	さいか,さえか
紗衣加	さいか,さえか
紗衣花	さいか,さえか
紗衣華	さいか,さえか
紗衣香	さいか,さえか
紗郁	さあや,すずか
紗羽	さわ,すずは
紗映	さえ,すずは
紗詠	さえ,さよ
紗縁	さよ,さより
紗央	さお,さちか
紗音	さお,さやね,すずね
紗佳	さやか,さよ,すずか
紗加	さやか,すずか
紗夏	さやか,すずか,すずな
紗果	すずか,すずは
紗禾	さやか,さわ,すずか
紗花	さやか,すずか,すずは
紗華	さいか,さやか,すずか,すずは
紗恵	さあや,さえ
紗幸	さち,さゆき
紗香	さやか,すずか
紗彩	さあや,ささ,さや
紗咲	さえ,ささ,さら
紗桜	さお,さくら,さら
紗子	さえこ,さこ,さやこ,すずこ,すずね,たえこ
紗世	さや,さよ,すずよ
紗生	さお,すずは
紗生子	さきこ,しょうこ
紗代	さよ,すずよ
紗南	さなみ,すずな
紗波	さなみ,さわ,すずは
紗琶	さわ,すずは
紗帆	さほ,すずほ
紗美	さよ,すずみ
紗苗	さなえ,すずな
紗歩	さほ,すずほ
紗穂	さお,さほ,すずほ
紗夢	さくら,さゆ
紗夜	さや,さよ,すずよ
紗夜子	さやこ,さよこ
紗唯	さい,さゆ
紗優	さや,さゆ
紗由	さゆ,さよ
紗与	さよ,すずよ
紗誉	さほ,さよ
紗葉	さよ,すずは
紗藍	さら,さらん
紗蘭	さら,さらん,すずか
紗理	さあや,さり
紗良	さお,さよ,さら
紗礼	さあや,さら
紗和	さより,さわ
紗侑	さゆ,さゆき
紗來	さら,すずな
紗栞	さおり,すずか
紗莉	さち,さり
若菜	もな,わかな
若奈	もな,わかな
若萌	ももえ,わかほ
朱愛	あやめ,しゅな
朱羽	あげは,あやは
朱音	あかね,あのん,あやね,じゅね
朱佳	あやか,しゅか
朱夏	あやか,あやな,しゅうか,しゅか,しゅな,じゅな
朱果	あやか,しゅか
朱歌	あやか,しゅか
朱花	あやか,しゅか
朱華	あやか,あやは,しゅうか,しゅか,すずほ
朱迦	あやか,しゅか
朱海	あけみ,しゅか
朱叶	しゅうか,しゅか
朱香	あやか,しゅか
朱菜	あやな,しゅな,じゅな
朱子	あかね,あきこ,あやこ,しゅうこ,ときこ
朱七	しゅな,じゅな
朱実	あけみ,あやみ
朱珠	あけみ,すず
朱純	あすみ,あずみ
朱織	あかり,じゅり
朱星	あやせ,らら
朱生	あけみ,あやみ
朱奈	あやな,しゅな,じゅな
朱那	あやな,しゅな,じゅな
朱南	あやな,しゅな,じゅな
朱寧	あかね,じゅね
朱美	あけみ,あやみ,たまみ
朱峰	あかね,あやね
朱未	あけみ,あやみ
朱唯	あゆい,しゅい
朱葉	あげは,あやは
朱翼	あげは,あずさ
朱梨	あかり,じゅり
朱里菜	じゅりあ,じゅりな
朱麗	あかり,じゅり
朱凜	あかり,じゅり
殊奈	ことな,しゅな
珠々	じゅじゅ,すず,みみ
珠愛	しゅうな,しゅな,じゅえる,じゅな,みあ,みちか
珠杏	じゅあん,すず,みあ,みあん
珠依	しゅい,たまえ,みい
珠羽	まう,みう,みはね,みわ
珠永	じゅな,たまえ
珠音	じゅおん,じゅね,みおん,みと
珠佳	しゅか,みか,みよ
珠加	しゅか,みか
珠夏	しゅか,しゅな,じゅな,みか
珠果	しゅか,みか
珠歌	しゅか,みか
珠禾	しゅか,みわ
珠花	しゅか,みか,みはな,みはる
珠華	しゅか,みか,みはな,みはる
珠海	しゅか,たまみ
珠浬	じゅり,みり
珠叶	しゅか,じゅな,みか
珠空	みく,みそら
珠結	みゆ,みゆう
珠湖	たまこ,みこ
珠胡	しゅな,たまこ
珠瑚	たまこ,みこ
珠彩	みあ,みい,みさ
珠菜	しゅな,じゅな,たまな
珠咲	みさ,みさき
珠子	ことこ,じゅね,たまこ,たまみ,みこ
珠雫	しゅな,じゅな
珠実	たまみ,めぐみ
珠紗	みさ,みすず
珠織	じゅり,みおり
珠心	たまこ,みこ
珠世	たまよ,みよ
珠成	しゅな,じゅな
珠代	たまよ,みよ
珠都	みさと,みと,みひろ
珠奈	しゅな,じゅな,たまな
珠那	しゅな,じゅな,たまな
珠凪	しゅな,じゅな,みなぎ
珠南	しゅな,じゅな
珠乃	ことの,たまの
珠帆	しほ,たまほ,みほ
珠歩	たまほ,みほ
珠穂	たまほ,みほ
珠未	たまみ,めぐみ
珠名	しゅな,じゅな,たまな
珠明	みあ,みはる
珠夜	たまよ,みよ
珠弥	たまみ,めぐみ
珠佑	みゆ,みゆう
珠優	みひろ,みゆ
珠悠	みはる,みゆ
珠有	じゅり,みあり,みう,みゆ,みゆう
珠由	みゆ,みゆう
珠裕	みひろ,みゆ
珠夕	みゆ,みゆう
珠来	みき,みく,みこ
珠梨亜	じゅりあ,みりあ
珠璃	じゅり,みり
珠璃愛	じゅりあ,みりあ
珠里	じゅり,みさと,みり
珠令	みはる,みれい
珠怜	みさと,みれい
珠鈴	じゅり,みすず,みれい
珠麗	じゅり,みう,みれい
珠和	じゅな,みあ,みか,みわ
珠侑	みう,みゆ,みゆう,みゆき
珠莉	じゅり,みり
珠莉花	じゅりか,みりか
寿々	じゅじゅ,すず
寿羽	ことは,じゅね
寿音	ことね,じゅね,すずね,すみね
寿佳	ことか,すみか
寿夏	ことか,じゅな,すみか
寿果	ことか,すみか
寿海	ことみ,すずみ
寿絵	ことえ,としえ
寿光	ことみ,すずみ
寿江	かずえ,としえ,ひさえ
寿菜	ことな,じゅな,すずな,ひさな
寿子	かずこ,としこ,ひさこ
寿枝	としえ,ひさえ
寿実	ことみ,すずみ,ひさみ
寿珠	じゅじゅ,すず
寿織	ことり,じゅり
寿世	ことせ,ひさよ
寿奈	ことな,じゅな,ひさな
寿南	ことな,じゅな,ひさな
寿祢	ことね,じゅね
寿寧	ことね,じゅね,すずね,すみね
寿乃	ことの,ひさの
寿帆	すずほ,すみほ
寿保	すずほ,すみほ
寿歩	すずほ,すみほ
寿璃	ことり,じゅり
寿里	ことり,じゅり
寿麗	じゅり,すみれ
寿來	ことこ,じゅな
寿俐	ことり,じゅり
寿莉	ことり,じゅり
樹々	きき,じゅじゅ
樹愛	きえ,じゅな
樹杏	じゅあん,じゅな
樹依	うい,きえ
樹瑛	きえ,たえ
樹英	きえ,たえ
樹恵	きえ,みきえ
樹香	ききょう,きこ
樹菜	じゅな,みきな
樹咲	きえ,きさ,きさき
樹子	きこ,ことこ,しげこ,みきこ
樹奈	じゅな,みきな
樹南	しゅな,じゅな,みきな
樹乃	うの,きの,なの,みきの
樹美	いつみ,きみ
樹歩	きほ,みきほ
樹穂	きほ,みきほ
樹里奈	きりな,じゅりな
需子	しゅうこ,もとこ
周華	しゅうか,しゅか
周子	しゅうこ,ちかこ
宗子	かずこ,しゅうこ,そうこ,ときこ,もとこ
就子	のりこ,ゆきこ
修子	しゅうこ,なおこ,のぶこ
秀佳	しゅうか,ひでか,ほのか
秀加	しゅうか,ひでか
秀花	しゅうか,ひでか,ほのか
秀華	しゅうか,ひでか
秀香	しゅうか,ひでか
秀子	しゅうこ,ひでこ
秋映	あきえ,あきは
秋佳	あきか,しゅうか
秋加	あきか,しゅうか
秋嘉	あきか,しゅうか
秋果	あきか,しゅうか
秋架	あきか,しゅうか
秋歌	あきか,しゅうか
秋花	あきか,あきは,しゅうか
秋華	あきか,あきは,しゅうか
秋海	あきみ,しゅうか
秋椛	あきか,しゅうか
秋香	あいか,あきか,しゅうか
秋桜花	あきか,あきは
秋子	あきこ,しゅうこ,ときこ
秋実	あきみ,あみ
秋波	あきは,あきみ
秋風	あきか,しゅうか
秋朋	あきほ,しゅうほ
秋夜	あきや,あきよ
舟子	しゅうこ,のりこ
住奈	じゅな,すみな
充夏	みちか,みつか
充花	みか,みちか,みつか
充華	みか,みちか,みつか,みはな,みはる
充幸	みさき,みゆき
充香	みか,みちか,みつか
充咲	みさ,みさき
充子	あつこ,みちこ,みつこ
充代	みちよ,みつよ
充美	みつみ,みはる
充優	みゆ,みゆう
充悠	みちか,みはる,みゆ
充琉	みちる,みる
充留	みちる,みる
淑花	すみか,よしか
淑華	きよか,よしか
淑恵	としえ,よしえ
淑江	としえ,よしえ
淑香	きよか,よしか
淑子	きみこ,きよこ,としこ,ひでこ,よしこ
淑世	きみよ,すみよ
淑乃	すみの,よしの
淑美	きよみ,よしみ
祝子	ときこ,のりこ
春愛	はるあ,はるえ
春音	かのん,はのん,はるね,はるの
春夏	しゅんか,はな,はるな
春歌	うらら,しゅんか
春花	さくら,しゅんか,はな,はるな
春茄	はな,はるな
春月	はづき,はるな
春菜	はな,はるな
春咲	さくら,はるえ
春桜	さくら,はるる
春子	あつこ,はるこ
春七	しゅな,はな,はるな
春渚	はな,はるな
春心	かすみ,はるの
春澄	かすみ,はずみ
春暖	はのん,はるの
春奈	はな,はるな
春那	はな,はるな
春凪	はな,はるな
春南	はな,はるな
春帆	あつほ,はるほ
春歩	しほ,はるほ
春名	はるな,ももか
春和	はな,はるな
春惠	ときえ,はるえ
舜花	しゅんか,よしか
旬花	しゅんか,じゅんか
旬香	しゅんか,じゅんか
淳子	あつこ,じゅんこ
淳世	あきよ,あつよ
淳美	あつみ,きよみ
準子	じゅんこ,のりこ
潤夏	じゅんか,じゅんな
潤禾	じゅんか,みつか
潤花	じゅんか,ひろか,みつか
潤香	じゅんか,みつか
潤奈	じゅんな,るな
潤南	うるみ,じゅんな
潤美	うるみ,めぐみ
純愛	あやめ,すみれ,ゆりあ
純羽	あやは,いとは
純永	あやな,すみえ
純音	あやね,すみね,すみの
純佳	あやか,じゅんか,すみか,とうか
純加	いとか,すみか,とうか
純可	いとか,じゅんか,すみか,とうか
純嘉	いとか,じゅんか,すみか
純夏	あやな,じゅな,じゅんか,じゅんな,すみか,すみな
純果	いとは,すみか,とうか
純架	じゅんか,すみか
純歌	あやか,じゅんか,すみか
純禾	いとか,じゅんか,すみか,とうか
純花	あやか,いとか,いとは,じゅんか,すみか,とうか
純華	あやか,いとは,じゅんか,すみか,とうか
純樺	じゅんか,すみか
純香	いとか,じゅんか,すみか
純菜	あやな,じゅんな,すみな
純子	あつこ,あやこ,あやね,いとこ,じゅんこ,よしこ
純枝	あやえ,すみえ
純実	あつみ,あやみ
純直	あやな,じゅんな
純奈	あやな,じゅな,じゅんな,すみな
純那	あやな,じゅな,じゅんな,すみな
純南	あやな,じゅんな
純乃	あやの,すみの
純帆	いとは,すみほ
純美	あつみ,あやみ
純楓	いとか,すみか
純弥	あやみ,はすみ
純葉	あやは,いとは
純梨	あやり,じゅり
純璃	あやり,じゅり
純和	じゅんな,すみか
純凛	あやり,じゅり
純莉	じゅり,すみれ
順佳	じゅんか,みちか
順加	あやか,じゅんか
順恵	のぶえ,よしえ
順子	じゅんこ,なおこ,みちこ,もとこ,よしこ,よりこ
初愛	うい,はつね
初羽	いろは,はつね
初佳	ういか,はつか,もとか
初夏	ういか,しょか,はつか,はつな,はな,みか,もとか
初歌	いちか,ういか,はつか
初花	いちか,ういか,はつか,もとか
初華	いちか,ういか,しょか,はつか
初海	ういか,はつみ
初椛	いちか,ういか
初香	いちか,ういか,しょか,はつか
初菜	ういな,はつな
初奈	ういな,はつな,はな
初凪	ういな,はつな
初楓	いちか,ういか
初名	ういな,はつな
渚乃	なぎの,なの
緒斗羽	おとは,おとわ
女蕗	めぶき,める
恕依	ひろえ,ゆきえ
恕衣	ひろえ,ゆきえ
恕羽	ひろは,ゆきは
恕永	ひろえ,ゆきえ
恕英	ひろえ,ゆきえ
恕伽	くにか,ひろか,ゆきか
恕佳	くにか,ひろか,ゆきか
恕加	くにか,ひろか,ゆきか
恕可	くにか,ひろか,ゆきか
恕寡	くにか,ひろか,ゆきか
恕果	くにか,ひろか,ゆきか
恕歌	くにか,ひろか,ゆきか
恕花	くにか,ひろか,ゆきか
恕江	ひろえ,ゆきえ
恕菜	ひろな,ゆきな
恕子	くにこ,ひろこ,ゆきこ
恕枝	ひろえ,ゆきえ
恕奈	ひろな,ゆきな
恕那	ひろな,ゆきな
恕波	ひろは,ゆきは
恕芭	ひろは,ゆきは
恕名	ひろな,ゆきな
唱子	うたこ,しょうこ,ともこ
将子	しょうこ,まさこ
将那	まさな,ゆきな
小絢	このか,さあや,さや
小綾	さあや,さや
小依	このか,さえ,さよ,さより
小羽	このか,さわ
小映	このか,さえ
小瑛	このか,さえ
小英	このか,さえ
小夏	ここな,こなつ,このか
小幸	このか,さゆき
小菜海	こなみ,さなみ
小菜見	こなみ,さなみ
小菜実	こなみ,さなみ
小菜美	こなみ,さなみ
小菜未	こなみ,さなみ
小菜魅	こなみ,さなみ
小桜	このか,さお,さくら,さら
小紗	こすず,ささ
小春	うらら,このか
小雪	このか,さゆき
小代利	このか,さより
小代梨	このか,さより
小代理	このか,さより
小代里	このか,さより
小代莉	このか,さより
小登実	ことみ,さとみ
小都子	ことこ,さとこ
小都里	ことり,さとり
小波	こなみ,さなみ
小夜	さや,さよ,せれな
小夜歌	さやか,せれな
小夜子	さやこ,さよこ
小夜里	このか,さより
小優季	このか,さゆき
小悠	このか,さゆ
小由	このか,さゆ
小葉	このか,さよ
小陽	このか,さや,さよ
小鈴	こすず,このか
小和	このか,さより,さわ,ちより
尚愛	なおえ,ひさえ
尚依	なおえ,ひさえ
尚衣	なおえ,ひさえ
尚映	なおえ,ひさえ
尚栄	なおえ,ひさえ
尚英	なおえ,ひさえ
尚夏	しょうか,なおか
尚海	なおみ,ひさみ
尚絵	なおえ,ひさえ
尚観	なおみ,ひさみ
尚恵	たかえ,なおえ,ひさえ
尚見	なおみ,ひさみ
尚江	なおえ,ひさえ
尚子	しょうこ,たかこ,なおこ,なほこ,ひさこ
尚枝	なおえ,ひさえ
尚実	なおみ,ひさみ
尚代	たかよ,ひさよ
尚乃	ひさの,よしの
尚美	なおみ,ひさみ
尚未	なおみ,ひさみ
尚魅	なおみ,ひさみ
庄子	しょうこ,まさこ
彰音	あかね,あきね
彰子	あきこ,あやこ,しょうこ
昌子	あきこ,あつこ,しょうこ,まさこ
昌代	あきよ,まさよ
昌奈	まさな,よしな
昌穂	さほ,まさほ
昭音	あきの,はるね
昭子	あきこ,しょうこ,てるこ
晶花	あきか,よしか
晶香	あきこ,しょうこ,よしか
晶子	あきこ,しょうこ,まさこ,よしこ
晶代	あきよ,てるよ,まさよ
晶乃	あきの,しょうの,よしの
梢乃	しょうの,たかの
照愛	ありあ,てるえ
照映	てるえ,てるは
照子	あかね,あきこ,てるこ
照枝	てるえ,みつえ
照代	あきよ,てるよ
祥佳	さちか,しょうか,よしか
祥加	さちか,しょうか,ひろか
祥可	さちか,しょうか
祥夏	さちか,しょうか,よしか
祥歌	さちか,しょうか
祥花	さちか,しょうか,ひろか,よしか
祥賀	さちか,しょうか
祥恵	さえ,さちえ,よしえ
祥江	さきえ,さちえ,よしえ
祥香	さちか,しょうか,ひろか,よしか
祥子	あきこ,さきこ,さちこ,しょうこ,ようこ,よしこ
祥奈	さちな,ひろな
祥乃	さちの,ひろの,ゆきの,よしの
章永	あきえ,ゆきえ
章江	あきえ,ふみえ
章子	あきこ,あやこ,しょうこ,たかこ,のりこ,ふみこ
章心	あきみ,あやみ
章乃	あきの,あやの,ふみの
笑	えみ,にこ
笑愛	えな,えま,えみな,にこ,ふうあ
笑佳	えみか,しょうか
笑夏	えな,えみか,えみな
笑果	えみか,しょうか
笑歌	えみか,しゅうか
笑花	えな,えみか,えみな,しょうか,にいな
笑華	えみか,しょうか
笑叶	えみか,わかな
笑顔	にこ,はな
笑瑚	えこ,にこ
笑香	えみか,えみこ
笑菜	えな,えみな,しょうな,にいな
笑咲	えみ,みさき
笑子	えこ,えみ,えみこ,しょうこ,にこ,わこ
笑実	えま,えみ
笑心	えこ,えみ,えみこ,にこ
笑生	えな,えみ,えみい
笑奈	えな,えみな,しょうな
笑那	えな,えみな,しょうな
笑凪	えな,えみな
笑南	えな,えみな
笑舞	えま,えむ
笑望	えま,えみ
笑望花	えみか,えみこ
笑満	えま,えみ,えみる
笑未	えま,えみ
笑来	えこ,えな,しょうこ
笑梨	えみり,えり,えりん
笑理	えみり,えり
笑璃	えみり,えり
笑里	えみり,えり
笑流	えみる,える
笑琉	えみる,える
笑留	えみる,える
笑瑠	えみる,える
笑鈴	えみり,えりん
笑麗	えま,えみり
笑恋	えこ,えれん,にこ
笑和	えな,えみか,えみな,にな
笑來	えな,しょうこ
笑凛	えみり,えり,えりん
笑梛	えな,えみな
笑莉	えみり,えり
紹子	あきこ,しょうこ
菖子	あやこ,しょうこ
詔子	しょうこ,のりこ
織永	おりえ,りえ
織禾	おりか,りか
織慧	おりえ,りえ
織帆	しほ,りほ
織歩	しほ,りほ
信江	あきえ,のぶえ
心々音	ここね,みこと
心々花	ここな,ここは
心亜	ここあ,みあ
心愛	ここあ,ここな,ここみ,みあ,みあい,みちか,みや
心葵	ここあ,みあ,みき
心茜	ここあ,ここね
心絢	このか,みはる
心杏	ここあ,みあ,みあん,るあん
心一	きよか,みか,みくに
心羽	ここね,ここは,このか,みう,みはね,みゆう,みわ
心羽菜	このか,みはな
心瑛	みあき,みえ
心英	ここは,みはな
心乙	みき,みと
心音莉	ことり,みおり
心夏	ここな,こなつ,このか,みか,みなつ
心果	ここは,ほのか,もとか
心歌	きよか,このか,みう,みか
心花	きよか,ここな,ここは,このか,はな,みか,みはな,みはる,もか,もとか,るな
心華	きよか,ここは,このか,みか,みはな,みはる
心雅	みか,みやび
心海	こうみ,ここみ,みあ,みうな,みうみ,みみ,もとみ
心叶	ここな,みか
心願	きよね,ここね
心喜	このか,みき
心希	ここね,ここの,このか,みき
心祈	ここの,みき
心琴	みこ,みこと
心空	ここあ,みあ,みく,みそら
心景	みかげ,みひろ
心結	ここな,ここの,ここみ,みう,みゅう,みゆ,みゆい,みゆう,ゆい,ゆり
心結羽	みゆう,ゆいは
心結花	みゆか,ゆいは
心結菜	ここな,みゆな
心幸	このか,みゆき
心香	きよか,このか,みか,もとか
心彩	ここあ,みあ,みさ
心菜	ここな,ことな,みいな
心咲	あいら,ここみ,みえ,みく,みさ,みさき
心桜	ここな,ここは,このか,さくら,みあ,みさ,みはる
心桜里	しおり,みおり
心子	きよこ,ここみ,ちかこ,みこ,もとこ
心詩	みう,みこと
心実	きよみ,ここみ,このか,みみ,もとみ
心紗	みさ,みすず
心珠	ここみ,しんじゅ,みみ
心寿	しんじゅ,みこ,みこと
心秋	ここあ,みあき
心春	ここは,ことは,このか,みはる
心渚	ここな,みなぎ
心笑	ここみ,みさき
心織	しおり,みおり
心榛	このか,みはる
心星	しほ,みほし
心晴	ここは,このか,みはる
心生	ここな,みい,みう
心声	ここな,とうこ
心雪	このか,みゆき
心奏	ここな,みかな
心暖	あのん,ここあ,ここな,ここの,ことの,このか,しのん,みあ,みのん,みはる
心智	みさと,みち
心宙	みそら,みゆう
心兎	みう,みと
心都	みくに,みこと,みさと,みと,みひろ
心瞳	ここみ,このか
心凪	ここな,みなぎ
心捺	ここな,こなつ,みなつ
心南	ここな,ここみ,こなみ
心如	このか,みゆ
心寧	ここね,みね
心乃	きよの,ここの
心波	ここな,ここは
心美	きよみ,ここみ,ことみ,こなみ,このか,みはる,みみ,もとみ
心姫	このか,みき
心媛	ここあ,このか
心蕗	みぶき,みる
心碧	ここあ,ここみ
心歩	ここあ,みほ
心穂	ここみ,みほ
心望	ここの,ここみ,このか,みのん,みみ
心未	ここみ,みみ
心夢	ここね,みむ,みゆ
心弥	ここみ,みみ,みや
心唯	みい,みゆい
心佑	みう,みゆ,みゆう
心優	あゆう,ここあ,ここな,ここね,ここみ,みう,みひろ,みや,みゅう,みゆ,みゆう,みゆな
心優菜	みうな,みゆな
心友	みう,みゆ,みゆう
心宥	みひろ,みゆ,みゆう
心悠	このか,みはる,みゆ,みゆう
心有	ここあ,みあ,みあり,みゆ,みゆう
心柚	みゆ,みゆう
心裕	みひろ,みゆ
心葉	ここは,ことは,このか,みよ
心遥	ここは,このか,みはる
心陽	ここは,このか,はるな,みあき,みはる,みや
心来	みき,みく,みくる
心梨	ここな,みり
心里	みさと,みり
心涼	こすず,みすず
心緑	ここみ,みつか
心瑠	あいる,みる
心伶	みれ,みれい
心嶺	ここね,みれい
心怜	みさと,みれい
心鈴	こすず,このか,みすず,みれい
心麗	うらら,みり,みれい
心和	ここあ,ここな,このか,みあ,みわ
心侑	みゆ,みゆう
心凛	このか,みり
心昊	みそら,みひろ
心栞	きよか,みおり
心絆	ここな,ここは,みいな,みと
心翔	みか,みと
心莉	みり,みれい
心釉	みゆ,みゆう
心遙	このか,みはる
慎子	ちかこ,のりこ
新夏	にいな,わかな
新花	にいな,わかな
新菜	にいな,にな,わかな
新子	よしこ,わかこ
新奈	にいな,にな,わかな
新那	にいな,にな
新凪	にいな,わかな
新捺	にいな,わかな
新南	にいな,にな
新苗	にいな,わかな
新和	にいな,にな,わかな
森子	しげこ,もこ
榛菜	はるな,はんな
深愛	みあ,みあい,みえ,みちか
深安	みあ,みあん
深羽	みう,みはね
深音	みおん,みと,みね,みのん
深夏	みか,みなつ
深花	みか,みはな
深華	みか,みはな
深海	みう,みうみ,みか,みみ
深空	みあ,みく,みそら
深恵	みえ,みさと
深景	みかげ,みひろ
深結	ふゆ,みゆ,みゆう
深香	みおか,みか
深咲	みさ,みさき
深生	みう,みき
深雪	みゆ,みゆき
深早	みさ,みはや
深智	みさと,みち
深夢	ふゆめ,みゆ
深夜	みや,みよ
深夜子	みやこ,みよこ
深優	みう,みひろ,みゆ,みゆう
深憂	みう,みゆ
深柚	みゆ,みゆう
深裕	みひろ,みゆう
深怜	みさと,みれい
真愛	まい,まえ,まかな,まちか,まなえ,まなり,まゆう,まりあ,まりや,みあ,みちか,もあ
真愛弥	まあや,まなみ
真綾	まあや,まや,まりん
真依	さなえ,まい,まよ
真郁	まあや,まなか
真稲	まいな,まいね
真羽	まう,まなは,みう
真永	さなえ,まえ
真佳	なおか,まなか,みよし
真果	まか,みか
真火	まのか,まほ
真禾	まか,まなか,まのか
真花	いちか,まか,まなか,まのか,まはな
真花菜	まかな,まはな
真華	まか,まなか,まはな,みはる
真絵	さなえ,まえ
真叶	まかな,まなか,まのか
真弓	まゆ,まゆみ
真恵	さなえ,まあや,まさえ,まなえ
真見	まなみ,まみ
真光	まみ,みひろ
真幸	まゆ,まゆき
真江	さなえ,まなえ
真香	まか,まどか,まなか
真彩	まあや,まい,まや
真彩子	まあこ,まいこ,まさこ
真咲	さなえ,みさき
真子	さなこ,ちかこ,まきこ,まさこ
真朱	まあや,まみ
真珠子	たまこ,まみこ
真織	しおり,まおり
真世	まさよ,まよ
真生	まい,まう,みい,みき
真生夏	まいか,まいな
真生子	まいこ,まおこ,まきこ
真生帆	まいほ,まきほ
真代	まさよ,ましろ,まよ
真暖	まの,まのん
真冬	まふゆ,みふゆ
真埜	まの,まや
真帆	しほ,まなほ,まほ,みほ
真苗	さなえ,まなえ
真文	まあや,まみ
真保	しほ,まほ,みほ
真歩	しほ,まほ
真穂	しほ,まきほ,まなほ,まほ
真鳳	まなほ,まほ
真望	まなみ,まみ
真凡	まなみ,まほ
真未	まなみ,まみ
真夢	まいむ,まむ,まゆ
真夜	まさよ,まや,まよ
真野	まの,まや
真唯	まい,まゆ
真唯子	まいこ,まゆこ
真佑	まゆ,まゆう,みう
真友	まゆ,まゆう
真宥	まゆ,まゆう
真悠	まゆ,まゆう
真有	まゆ,まゆう
真由	まゆ,みゆ,みゆき
真夕	まゆ,まゆう
真梨	まり,まりん
真梨音	まりね,まりの
真理依	まりい,まりえ
真理衣	まりい,まりえ
真鈴	まり,まりん
真麗	まり,みれい
真和	まなか,みわ
真侑	まゆ,まゆう
真凛	まり,まりん
真莉	まり,みれい
神子	かのこ,みこ
神鳴	かんな,きよな
仁亥	さとみ,ひとみ
仁栄	ひとえ,みはる
仁夏	きみか,にか,にな
仁果	にか,よしか
仁架	きみか,にか
仁禾	きみか,にか
仁花	きみか,にか,のりか
仁華	きみか,にか,にな,のりか
仁恵	きみえ,ひとえ,よしえ
仁結	みゆ,みゆう
仁江	きみえ,ひとえ
仁香	きみか,にか,にこ,のりか,よしか
仁菜	にいな,にな
仁咲	ひとえ,みさき
仁子	いつこ,きみこ,さとこ,にこ,のぶこ,のりこ,ひろこ,よしこ
仁慈花	にしき,にじか
仁滋花	にしき,にじか
仁心	さとみ,にこ,ひとみ
仁奈	にいな,にな
仁那	にいな,にな
仁乃	さとの,よしの
仁美	さとみ,ひとみ,みはる
仁和子	ひなこ,みわこ
壬悠	みはる,みゆ
尋子	ちかこ,ひろこ
水愛	みあ,みちか,みなえ
水依	みい,みなえ
水映	みずは,みなえ
水佳	すいか,みずか
水夏	すいか,みか,みずか
水歌	みか,みずか
水花	すいか,みか,みずか,みはな,みはる
水華	すいか,みか,みずは,みはな
水絵	みえ,みずえ,みなえ
水希	みき,みずき
水恵	みえ,みなえ
水結	みゆ,みゆう
水江	みずえ,みなえ
水香	みか,みずか,ゆか
水彩	みあ,みさ
水春	みずは,みはる
水晶	みあき,みずき
水畝	みずほ,みなほ
水晴	みずは,みはる
水帆	みずほ,みなほ,みほ
水美	みはる,みみ
水姫	みき,みずき
水保	みずほ,みなほ,みほ
水歩	みずほ,みなほ,みほ
水穂	みずほ,みなほ,みほ
水萌	みずほ,みなも
水木	みき,みずき
水優	みう,みゆ,みゆう
水悠	みはる,みゆ,みゆう
水来	みく,みずき
水麗	すみれ,みれい
水釉	みゆ,みゆう
粋夏	きよか,すいか
粋花	きよか,すいか
翠愛	みあ,みあい
翠花	すいか,みか,みはな,みはる
翠華	すいか,みはな
翠桜	みさ,みはる
翠里	みさと,みどり
翠怜	すいれん,みれい
翠莉	みどり,みれい
瑞葵	みあ,みき,みずき
瑞依	たまえ,みずえ
瑞佳	みか,みずか
瑞夏	みずか,みずな
瑞果	みずか,みずは
瑞花	すいか,みずか,みずは,みはな
瑞華	みずか,みずは,みはな,みはる
瑞海	たまみ,みか
瑞喜	みずき,みはる
瑞希	みき,みずき
瑞貴	みき,みずき
瑞空	みく,みそら
瑞恵	たまえ,みずえ
瑞結	みゆ,みゆう
瑞幸	みずき,みゆき
瑞紅	みく,みずき
瑞菜	たまな,みずな
瑞枝	みずえ,みずき
瑞晴	みずは,みはる
瑞大	みずき,みはる
瑞奈	はな,みずな
瑞歩	みずほ,みほ
瑞和	みずか,みわ
瑞絆	みずき,みずほ
数子	かずこ,のりこ
澄音	きよね,すみね
澄果	きよか,すみか
澄花	きよか,すみか
澄華	きよか,すみか
澄香	きよか,すみか
澄菜	きよな,すみな
澄奈	きよな,すみな
澄乃	きよの,すみの
澄風	きよか,すみか
是子	ゆきこ,よしこ
征子	さちこ,せいこ,まさこ,ゆきこ
成佳	せいか,なるか
成花	なるか,みちか
成華	せいか,なるか,なるは
成香	せいか,なるか
成子	あきこ,しげこ,せいこ,まさこ,みちこ
成津子	せつこ,なつこ
成波	ななみ,なるは
成歩	なほ,なるほ
成葉	あきは,なるは
星々	きき,らら
星愛	きあら,きらら,せあら,せいな,てぃな
星愛姫	せあら,てぃあら
星愛来	きあら,せあら,てぃあら
星佳	せいか,ほしか
星加	せいか,ほしか
星果	せいか,ほしか
星架	せいか,ほしか
星歌	しょうか,せいか,ほしか
星花	せいか,ほしか,ほのか,るるか
星華	せいか,ほしか
星海	せいか,ほしか,ほしみ
星叶	せいか,ほしか,ほのか
星輝	きらら,せいか
星呼	しょうこ,せいこ
星湖	せいこ,ほしこ
星瑚	せいこ,ほしこ
星光	あかり,ほしみ
星香	せいか,ほしか
星彩	きらら,のあ
星菜	せいな,ほしな
星子	しょうこ,せいこ,ほしこ
星心	あかり,きらら,ほしみ
星姫	せしる,らら
星梨	あかり,せいな,せり
星凛	あかり,せり
星莉	あかり,せり
晴湖	せいこ,はこ,はるこ
晴子	せいこ,はこ,はるこ,はるね
晴七	せいな,はな,はるな
晴渚	はな,はるな
晴代	てるよ,はるよ
晴捺	はな,はるな
晴乃	はの,はるの
晴名	せいな,はな,はるな
晴和	せいな,はな,はるな
晴梛	はな,はるな
正子	しょうこ,せいこ,なおこ,まさこ
清愛	きよら,さやな
清音	きよね,さやね
清佳	きよか,さやか,すみか
清加	きよか,さやか,せいか
清夏	きよか,さやか,せいか,せいな
清歌	きよか,さやか,せいか
清禾	きよか,さやか
清花	きよか,さやか,すずか,すみか,せいか
清華	きよか,さやか,せいか
清馨	さやか,せいか
清香	きょうか,きよか,さやか,せいか
清菜	きよな,さやな,すみな,せいな
清子	きよこ,さやこ,せいこ
清七	きよな,せいな
清珠	きよみ,すず
清心	きよみ,しょうこ
清南	きよな,せいな
清日	さやか,すみか
清乃	きよの,さやの,すみの
清帆	きほ,せいほ
清楓	きよか,さやか
清風	きよか,すみか
清李	きより,せり
清里	きより,せり
清嶺	きよね,すみれ
清麗	きよら,すみれ
清莉	きより,せり
生愛	いちか,みあ
生子	いくこ,きこ,しょうこ,せいこ,たかこ
生千佳	いちか,みちか
生奈	せいな,はな
生那	せいな,はな
生帆	きほ,みほ
生穂	いくほ,きほ
生来	きこ,みく
精子	きよこ,しょうこ,せいこ
聖愛	せいな,てぃあら,まりあ
聖英	きよか,みはな
聖音	きよね,きよの,さとね,みらの
聖佳	きよか,せいか
聖加	きよか,せいか
聖可	きよか,せいか
聖歌	きよか,せいか
聖花	きよか,きよな,さとか,せいか,みはな
聖華	きよか,さとか,しょうか,せいか,みはな
聖恵	さとえ,まさえ
聖香	きよか,さとか,せいか
聖子	きよこ,きよみ,さとこ,しょうこ,せいこ,たかこ,としこ,みちこ,よしこ
聖実	きよみ,さとみ
聖珠	きよみ,さとみ
聖代	あきよ,まさよ
聖乃	きよの,さとの,よしの
聖波	あきは,せいな
聖美	きよみ,さとみ
聖姫	のえる,まりあ
聖未	きよみ,さとみ
聖名	きよな,せいな
聖夜	のえる,まりや
聖野	きよの,さとの
聖梨	さとり,せいな,せり
聖里	きより,みさと
聖和	さとな,せいな
聖莉	きより,さとり,せり
誠子	あきこ,せいこ,ともこ,のぶこ,まさこ
誓子	せいこ,ちかこ
青佳	あおか,きよか,せいか
青夏	あおか,あおな,せいか,せいな
青花	あおか,あおは,しょうか,せいか
青華	あおか,あおは,せいか
青香	あおか,しょうか,せいか
青菜	あおな,せいな,はるな
青子	しょうこ,はるこ
青澄	あすみ,あずみ
青奈	あおな,せいな
青那	あおな,せいな
青乃	あおの,しょうの
静佳	しずか,せいか
静加	きよか,しずか
静夏	しずか,せいか
静歌	しずか,せいか
静花	しずか,せいか
静華	きよか,しずか,せいか
静湖	しずこ,せいこ
静香	しずか,せいか
静菜	しずな,せいな
静子	しずこ,せいこ
静奈	しずな,せいな
静那	しずな,せいな
静南	しずな,せいな
静波	しずな,しずは
静美	きよみ,つぐみ
斉子	せいこ,まさこ
雪愛	せつな,ゆきあ,ゆきえ
雪衣	ゆい,ゆきえ
雪永	ゆきえ,ゆきな
雪伽	せつか,ゆきか
雪佳	せつか,ゆきか
雪可	せつか,ゆか,ゆきか
雪夏	きよか,ゆきか
雪架	きよか,ゆきか
雪歌	せつか,ゆきか
雪花	きよか,せつか,せつな,ゆきか,ゆきな,ゆきは,ゆな
雪華	きよか,せつか,せつな,ゆきか,ゆきな,ゆきは,ゆな
雪月	ゆつき,ゆづき
雪香	せつか,ゆきか
雪菜	せつな,ゆきな,ゆな
雪子	せつこ,ゆきこ,ゆきみ
雪心	ゆきみ,ゆみ
雪奈	せつな,ゆきな
雪那	せつな,ゆきな
雪凪	せつな,ゆきな
雪南	せつな,ゆきな
雪乃	ゆきの,ゆの
雪美	きよみ,ゆきみ
雪峰	ゆきね,ゆきほ
雪名	せつな,ゆきな
雪鳴	せつな,ゆきな
雪和	せつな,ゆきか,ゆきな
仙子	のりこ,ひさこ
千愛	ちあき,ちえ,ちえり,ちさ,ちさと,ちな,ちなみ,ちなり,ちより,ゆきあ,ゆきな
千愛里	ちあり,ちえり
千依	ちえ,ちよ,ちより
千叡	ちえ,ちさと
千映	ちあき,ちえ
千永	ちえ,ゆきえ
千瑛	ちあき,ちえ
千英	ちえ,ちはな
千詠	ちえ,ちよ,ちよみ
千夏	ちな,ちなつ
千花	ちはな,ゆきか
千華	ちはな,ゆきは
千絵	かずえ,ちえ
千暁	ちあき,ちさと
千恵	かずえ,ちえ,ちさと,ゆきえ
千慧	ちあき,ちえ,ちさと
千湖	ちこ,ゆきこ
千瑚	かずこ,ちこ,ゆきこ
千倖	ちこ,ちゆき
千幸	ちさ,ちさき,ちゆき
千彩希	ちあき,ちさき
千彩紀	ちあき,ちさき
千菜	かずな,ちな,ゆきな
千咲	ちえ,ちえみ,ちさ,ちさき
千桜里	ちえり,ちおり
千子	かずこ,ちこ,ゆきこ
千紗	ちさ,ちすず
千笑	ちえ,ちえみ
千心	ゆきこ,ゆきみ
千成	ちな,ちなり
千誠	ちあき,ちさと
千聡	ちあき,ちさと
千知	ちあき,ちさと
千津	ちず,ちづ
千鶴	ちず,ちづ,ちづる
千奈	かずな,ちな,ゆきな
千捺	ちな,ちなつ
千南	ちな,ちなみ
千乃	ちの,ゆきの
千波	ちな,ちなみ,ゆきは
千美	ちよ,ゆきみ
千文	ちあき,ちふみ
千峰	ちほ,ゆきね
千夢	ちゆ,ゆきみ
千夜子	ちやこ,ちよこ
千有	ちあり,ちゆ
千由	ちゆ,ちより
千葉	ちよ,ゆきは
千和	ちな,ちより
千惠	ちえ,ゆきえ
千梛	ちな,ゆきな
宣江	のぶえ,のりえ
宣子	のぶこ,のりこ
泉葵	みき,みずき
泉羽	みう,みずは,みはね
泉花	みずか,みはる
泉希	みき,みずき
泉紀	みき,みずき
泉輝	みき,みずき
泉美	いづみ,もとみ
泉悠	いちか,みちか
禅子	さとこ,よしこ
素嘉	そよ,もとか
素子	そのこ,もとこ
奏愛	かなえ,かんな
奏花	かなは,かのは,そよか
奏瑚	かこ,かなこ
奏子	かなこ,そうこ
奏心	かなこ,かなみ
奏奈	かんな,りな
奏南	かなみ,かのん
奏乃	かなの,かの,かのん,その
奏波	かなは,かなみ
奏帆	かなほ,かほ
奏穂	かなほ,かほ
奏朋	かなほ,かほ
奏望	かなみ,その
奏葉	かなは,そよ
奏鈴	かなり,かりん
奏凛	かなり,かりん
奏凜	かなり,かりん
爽永	さえ,さやな
爽音	あきね,さやね
爽夏	さやか,さやな,さわか
爽歌	さやか,さわか
爽禾	さやか,さわ
爽花	さやか,さわか
爽瑚	さわこ,たかこ
爽香	さやか,さわか
爽子	あきこ,さやこ,さわこ,しょうこ,そうこ,たかこ,りこ
爽笑	さえ,さわ
爽世	さよ,そよ
爽乃	さやの,その
爽帆	あきほ,さほ
爽楓	さやか,さわか
爽朋	あきほ,たかほ
爽夢	さくら,さゆ
爽夜	さや,さよ,そよ
爽葉	さわ,そよ
想実	このか,そのみ
操子	そうこ,みさこ
早華	さきか,はやか
早絵	さえ,さきえ
早恵	さあや,さえ
早香	さやか,はやか
早彩	さあや,さや
早咲	さえ,ささ
早桜	さお,さくら,ささ
早苗	さえ,さなえ,はな,はなえ
早夜	さや,さよ
早耶	さや,はやか
早優	さや,さゆ
早由	さゆ,さゆき
早蘭	さら,さらん
早和	さより,さわ
相奏	あいか,あいな
総子	そうこ,ふさこ,みちこ
聡依	あきえ,さとえ
聡衣	さえ,さとえ
聡恵	さとえ,さとみ
聡子	あきこ,さとこ,そうこ,ときこ,としこ,ふさこ
聡乃	あきの,さとの
聡穂	さとほ,さとみ
荘子	しょうこ,そうこ
蒼音	あおね,あのん,その
蒼花	あおか,あおは
蒼華	あおか,あおは,せいか
蒼菜	あおな,あんな
蒼子	あおね,そうこ
蒼乃	あおの,その
尊子	きみこ,たかこ,とうこ
太釉	みゆ,みゆう
泰夏	ひろか,やすか
泰花	ひろか,やすか
泰江	ひろえ,やすえ
泰菜	ひろな,やすな
泰子	ひろこ,やすこ
泰乃	ひろの,やすな,やすの,よしの
泰美	かなみ,やすみ
達子	たつこ,みちこ
旦子	あきこ,あさこ
暖愛	のあ,はるあ
暖杏	のあ,のあん
暖依	のえ,ひより
暖羽	ののは,やすは
暖花	ひめか,ほのか
暖空	のあ,はるあ
暖菜	のんな,はるな
暖子	あつこ,はるこ,やすこ
暖心	あこ,あみ,のの,はな
暖奈	のんな,はるな,やすな
暖那	のんな,はるな
暖南	のんな,はるな
暖乃	のの,のんの,はるの,やすの
暖乃花	ののか,ののは
暖歩	のあ,はるほ
知愛	ちあき,ちえ,ちなり,ともえ
知依	あきえ,ちえ,ちよ,ちより,ともえ,ともよ
知衣	あきえ,ちえ,ともえ
知羽	あきは,ともは
知映	ちえ,ともえ
知栄	ちえ,ともえ
知永	ちえ,ともえ
知英	あきえ,ちえ,ちはな,ともえ
知夏	ちな,ちなつ,ともか
知華	ちはな,ともか
知絵	ちえ,ともえ
知恵	あきえ,ちえ,ともえ
知慧	ちえ,ちさと
知見	さとみ,ともみ
知江	あきえ,ちえ,ともえ
知菜	ちな,ともな
知咲	ちえ,ちえみ,ちさ,ちさき
知子	かずこ,さとこ,ちかこ,ちこ,ともこ
知枝	ちえ,ともえ
知実	あきみ,つぐみ,ともみ
知笑	ちえ,ちえみ,ともえ
知代	あきよ,ちよ,ともよ
知鶴	ちづ,ちづる
知奈	ちな,ともな,はるな
知那	ちな,ともな
知捺	ちな,ちなつ
知南	ちな,ちなみ,ともな
知乃	あきの,ちの,ともの
知帆	あきほ,ちほ
知美	さとみ,つぐみ,ともみ
知歩	あきほ,しほ,ちほ
知穂	あきほ,しほ,ちほ
知未	つぐみ,ともみ
知夜	ちよ,ともよ
知弥	つぐみ,ともみ
知与	ちよ,ともよ
知誉	しほ,ちほ
知葉	あきは,ちよ,ともは,ともよ
知利	さとり,ちり
知璃	ちあき,ちり
知里	さとり,ちさと,ちり
知良	ちよ,ともみ
知恋	ちこ,ともこ
知和	ちより,ともか
知侑	ちゆ,ちゆき
知莉	さとり,ちり
智愛	ちあき,ちえ,ともえ,ともな
智依	ちえ,ちより,ともえ
智衣	ちえ,ともえ
智羽	さとは,ともは
智映	さとえ,ちあき,ちえ,ともえ,ともよ
智栄	ちえ,ともえ
智永	さとえ,ちえ,ともえ
智瑛	ちあき,ちえ
智英	ちえ,ちはな,ともえ
智音	さとね,ともね
智佳	さとか,ちよ,ともか
智佳子	ちかこ,ちよこ
智夏	ちなつ,ともか
智歌	さとか,ともか
智花	さとか,ちはな,ともか
智華	さとか,ちはな,ともか
智会	ちえ,ともえ
智海	さとみ,ともみ
智絵	ちえ,ともえ
智弓	さとみ,ともみ
智恵	さとえ,ちえ,ともえ,のりえ
智慧	ちえ,ちさと,ちとせ,ともえ
智見	さとみ,ともみ
智江	さとえ,ちえ,ともえ
智哉子	ちかこ,ちやこ
智菜	さとな,ちな,ともな
智咲	ちえみ,ちさ,ちさき
智子	さとこ,さとね,ちこ,としこ,ともこ,のりこ,もとこ
智枝	ちえ,ともえ
智実	さとみ,ともみ
智充	さとみ,ともみ
智笑	ちえ,ちえみ,ともえ
智心	ともこ,ともみ
智深	さとみ,ともみ
智代	ちよ,ともよ
智奈	さとな,ちな,ともな
智那	ちな,ともな
智捺	ちな,ちなつ
智南	ちな,ちなみ,ともな
智日	ちあき,ともか
智乃	さとの,ちの,ともの
智妃	ちさき,ともこ
智美	さとみ,ちえみ,ともみ
智文	ちあき,ちふみ
智歩	ちほ,ともほ
智朋	さとほ,ちほ
智萌	ちほ,ともえ
智未	さとみ,ともみ
智夜	ちよ,ともよ
智野	さとの,ちの,ともの
智予	ちよ,ともよ
智与	ちよ,ともよ
智誉	ちよ,ともよ
智葉	さとは,ちよ,ともは,ともよ
智梨	さとり,ちえり,ともな
智里	さとり,ちさ,ちさと
智惠	さとえ,ちえ,ともえ
智莉	さとり,ちえり
稚夏	ちなつ,わかな
稚菜	ちな,わかな
稚子	ちこ,のりこ,わかこ
稚奈	ちな,わかな
稚那	ちな,わかな
稚南	ちな,ちなみ,わかな
稚乃	ちの,わかの
稚帆	ちほ,わかほ
稚葉	ちよ,わかば
秩子	ちづこ,つねこ
茶彩	さあや,さや
茶和	さより,さわ
宙花	ひろか,みちか
宙子	ひろこ,みちこ
宙美	そらみ,ゆみ
兆子	ときこ,よしこ
暢子	ともこ,のぶこ,まさこ,みちこ,みつこ,ようこ
暢乃	のの,のんの
朝詠	さえ,ともえ
朝佳	あさか,ともか
朝嘉	あさか,ともか
朝夏	あさか,ともか
朝花	あさか,ともか
朝賀	あさか,ともか
朝海	あさか,あさみ,ともみ
朝香	あさか,ともか
朝菜	あさな,ともな
朝子	あさこ,ちこ,ときこ,ともこ
朝実	あさみ,ともみ
朝水	あさみ,ともみ
朝代	あきよ,ともよ
朝南	あさな,ともな
朝乃	あさの,ともの
朝美	あさみ,ともみ
朝望	あさみ,ともみ
朝野	あさの,ともの
朝和	あさか,あさな
蝶	あげは,ひらり
長絵	ひさえ,まさえ
長恵	ひさえ,まさえ
長江	ひさえ,まさえ
長子	つねこ,ひさこ
直枝	なおえ,まさえ
鎮子	しずこ,ふみこ
通江	みちえ,ゆきえ
通子	かよこ,みちこ
紬衣	つむぎ,ゆい
悌子	ともこ,やすこ,よしこ
禎子	さちこ,よしこ
哲子	あきこ,さとこ,のりこ
典花	てんか,のりか
典香	のりか,ふみか
典子	つねこ,のこ,のりこ,ふみこ,みちこ
典枝	のりえ,みちえ
典代	ふみよ,みちよ
典乃	ひろの,ふみの
天海	あまみ,てんか
天渚	てんな,もあな
天美	あまみ,そらみ
展子	のぶこ,ひろこ
登子	たかこ,とうこ
都羽子	とうこ,とわこ
都花	いちか,さとか
都喜子	つきこ,ときこ
都季子	つきこ,ときこ
都記子	つきこ,ときこ
都瑚	いちこ,みやこ
都子	いちこ,くにこ,さとこ,みやこ
都美	さとみ,みやび
冬佳	とうか,ふゆか
冬加	とうか,ふゆか
冬夏	とうか,ふゆか,ふゆな
冬果	とうか,ふゆか
冬架	とうか,ふゆか
冬歌	とうか,ふゆか
冬花	とうか,ふゆか
冬華	とうか,ふゆか
冬椛	とうか,ふゆか
冬瑚	とうこ,ふゆこ
冬香	とうか,ふゆか
冬子	とうこ,ふゆこ,ふゆね
冬雪	ふぶき,ふゆ
冬風	とうか,ふゆか
冬萌	ともえ,ふゆめ
東乎	とうか,とうこ
東子	さきこ,とうこ,はるこ
桃亜	もあ,ももあ
桃愛	もあ,もな,ももあ,ももえ,ももか,ももな
桃杏	もあ,もも,ももあ,ももは
桃衣	もえ,ももい,ももえ
桃永	もえ,ももえ
桃音	もね,ももね
桃佳	とうか,もか,ももか,りりか
桃加	とうか,もか,ももか,りりか
桃可	とうか,ももか
桃嘉	とうか,ももか
桃夏	とうか,もか,ももか,ももな
桃果	とうか,もか,ももか
桃架	とうか,ももか
桃河	とうか,ももか
桃禾	とうか,もか,ももか
桃花	とうか,もか,ももか,ももは
桃荷	とうか,ももか
桃華	とうか,もか,ももか,ももは
桃海	ももか,ももみ
桃絵	もえ,ももえ
桃叶	もか,ももあ,ももか
桃樺	とうか,ももか
桃空	もあ,ももあ,ももか
桃胡	とうこ,ももこ
桃瑚	とうこ,ももこ
桃香	とうか,もか,ももか,ももこ
桃彩	もあ,ももあ,ももせ
桃菜	もな,ももな
桃子	とうこ,ももこ
桃枝	もえ,ももえ
桃心	もこ,ももこ,ももみ
桃世	ももせ,ももよ
桃奈	もな,ももな
桃那	もな,ももな
桃寧	もね,ももね
桃萌	もも,ももえ
桃和	ももか,ももな
桃梛	もな,ももな
桃珈	とうか,ももか
灯音	あかね,ともね
灯夏	とうか,ともか
灯花	とうか,ともか
灯華	とうか,ともか
灯香	とうか,ともか
灯子	とうこ,としこ,ともこ
灯織	あかり,ひおり
灯和	とうか,ともな,ひより
燈佳	とうか,ともか
燈夏	とうか,ひなつ
燈香	とうか,ともか
燈子	とうこ,ともこ
燈乃	ともの,ひの
統香	とうか,もとか
統子	とうこ,のりこ
董子	すみれこ,とうこ
藤佳	とうか,ふじか
藤夏	とうか,ふじか
藤花	とうか,ふじか
藤華	とうか,ふじか
藤香	とうか,ふじか
藤子	とうこ,ふじこ
藤楓	とうか,ふじか
透羽子	とうこ,とわこ
堂子	たかこ,とうこ
憧子	あこ,しょうこ,とうこ
瞳伽	あいか,しょうか,まなか
瞳佳	あいか,とうか,まなか
瞳加	あいか,まなか
瞳嘉	あいか,しょうか
瞳夏	あいか,しょうか,とうか,ひなつ,まなか
瞳果	あいか,しょうか
瞳歌	あいか,しょうか
瞳花	あいか,しょうか,とうか,まなか
瞳華	あいか,しょうか,とうか,まなか
瞳芽	あいか,ひめ
瞳香	あいか,とうか,とうこ,まなか
瞳子	とうこ,ひとみ
瞳美	ひとみ,めみ
瞳楓	あいか,しょうか
道花	とうか,みちか
徳子	のりこ,よしこ
惇子	あつこ,じゅんこ
敦子	あこ,あつこ,のぶこ
敦美	あつみ,あづみ
奈々海	ななか,ななみ
奈々心	ななこ,ななみ
奈依	ないる,なえ
奈花	なのか,なのは
奈弓	なゆ,なゆみ
奈心	なこ,ななか
奈摘	なつみ,なつめ
奈乃羽	ななは,なのは
奈乃果	なのか,なのは
奈乃花	なのか,なのは
奈乃華	なのか,なのは
奈保子	なおこ,なほこ
奈穂子	なおこ,なほこ
奈優花	なゆか,なゆは
那羽	なのは,やすは
那佳	ともか,ふゆか
那夏	ともか,ふゆか
那花	ともか,なのか,ふゆか
那恵	ともえ,なえ,やすえ
那慧	なえ,やすえ
那子	ともこ,なこ,やすこ
那枝	なえ,やすえ
那実	ともみ,なつね
那心	なこ,ななか
那南	ななみ,やすな
那乃	なの,やすの
那乃華	なのか,なのは
那美	ともみ,ふゆみ,やすみ
凪々花	ななか,ななは
凪乃	なぎの,なの
薙奈	ちな,てぃな
捺愛	さお,なつね,なつめ
捺夏	なつか,なつな
捺瑚	なこ,なつこ
捺子	なこ,なつこ
捺心	なこ,なつこ,なつみ
捺乃	なつの,なの
捺帆	なつほ,なほ
捺穂	なつほ,なつみ
捺夢	さくら,なつめ
南愛	なみえ,みあ
南花	なのか,なみか
南琴	みこ,みこと
南空	みあ,みそら
南恵	なえ,なみえ
南結	なゆ,みゆ,みゆう
南菜子	ななこ,みなこ
南咲	なえ,みさき,みなえ
南子	なこ,なみこ,みなこ
南星	なほ,みなほ,みほ
南乃	なの,なんの,よしの
南帆	なほ,なみほ,みなほ
南保	なほ,みなほ
南歩	ななほ,なほ,みなほ
南穂	なほ,みなほ
南優	なゆ,みゆう
南友	なゆ,みゆ
二花	にか,ふたば
二由佳	さゆか,ふゆか
虹步	ななほ,にじほ
虹愛	こうめ,にいな,にな
虹音	かのん,しえる,ななね,れいん
虹佳	にか,にしき,にじか
虹嘉	にしき,にじか
虹夏	こなつ,ななか,にいな,にしき,にじか
虹果	にしき,にじか
虹架	ななか,にか,にしき,にじか
虹歌	にか,にしき,にじか
虹珂	にしき,にじか
虹花	このか,ななか,にか,にしき,にじか,にな,るるか
虹華	このか,にか,にしき,にじか
虹海	こうみ,ここみ,ななみ,にか
虹叶	にか,にしき,にじか
虹樺	にしき,にじか
虹湖	にこ,にじこ
虹幸	このか,にこ
虹香	ななか,にか,にこ,にしき,にじか
虹菜	にいな,にじな,にな
虹子	こうこ,ななこ,にこ,にじこ
虹七	にいな,にじな,にな
虹渚	にいな,にな
虹心	ここみ,ななこ,ななほ,にこ
虹星	ななほ,にじほ
虹晴	このか,ななは
虹灯	ななほ,にじほ
虹奈	にいな,にじな,にな
虹南	こなみ,にな
虹日	にか,にしき,にじか
虹帆	ななほ,にじほ
虹美	こうみ,ななみ
虹楓	にしき,にじか
虹保	ななほ,にじほ
虹歩	ななほ,にじほ
虹穂	ななほ,にじほ
虹宝	ななほ,にじほ
虹萌	ななほ,にも
日愛	ひめ,ひより
日夏子	かなこ,ひなこ
日菜子	かなこ,ひなこ
日菜実	かなみ,ひなみ
日菜乃	かなの,ひなの
日菜美	かなみ,ひなみ
日咲	にこ,はるえ,ひより
日翠	ひすい,ひの
日奈子	かなこ,ひなこ
日捺	にいな,ひなつ
日乃	かの,はるの,ひの
日埜	かの,ひの
日麻里	ひおり,ひまり
日葉利	ひばり,ひより
日葉里	ひばり,ひより
日葉莉	ひばり,ひより
日良莉	ひより,ひらり
日和子	ひなこ,ひわこ
日和乃	ひなの,ひよの
如音	もね,ゆきね
如菜	ことな,ゆきな
如子	いくこ,なおこ,ゆきこ
如奈	ゆきな,ゆな
如那	ゆきな,ゆな
如美	なおみ,ゆきみ
祢子	にこ,みつこ
寧々花	ねねか,ねねは
寧々華	ねねか,ねねは
寧花	しずか,やすか
寧香	しずか,やすか
寧菜	しずな,ねいな,やすな
寧子	ねね,やすこ
寧奈	しずな,ねいな
寧那	しずな,ねいな
乃々愛	ののあ,ののか
乃々花	ののか,ののは
乃々華	ののか,ののは
乃ノ華	なのか,ののか,ののは
乃ノ香	なのか,ののか
乃愛	なちか,のあ,のえ,ゆな
乃安	のあ,のあん
乃杏	のあ,のあん
乃依	のい,のえ
乃衣	のい,のえ
乃映	のあ,のえ
乃音	のの,ゆきね
乃雅	のあ,みやび
乃彩	のあ,のい
乃子	のこ,のりこ
乃晏	のあ,のあん
之絵	のえ,ゆきえ
之菜	のな,ゆきな
之子	のこ,ゆきこ
之那	のな,ゆきな
之乃	のの,ゆきの
埜々	のの,やや
埜愛	のあ,ののあ
埜杏	のあ,のあん
埜依	のい,のえ
埜恵	のえ,やえ
埜和	のあ,のな
巴音	ともね,はのん
巴月	はづき,はるな
巴湖	ともこ,はこ
巴胡	ともこ,はこ
巴瑚	ともこ,はこ
巴菜	ともな,はな
巴子	ともこ,はこ
巴雫	ともな,はな
巴七	ともな,はな
巴渚	ともな,はな
巴奈	ともな,はな
巴那	ともな,はな
巴南	ともな,はな
巴乃	ともの,はの
巴波	はな,はなみ
巴来	ともこ,はこ
杷月	はづき,はるな
杷子	はこ,わこ
波花	なみか,はな
波結	なゆ,はゆ
波月	なづき,はづき
波瑚	なこ,はこ
波菜	はな,はんな
波子	なこ,なみこ
波乃	なの,はの
波帆	なほ,なみほ
波歩	なほ,なみほ
芭純	はすみ,はずみ
芭南	はな,はなみ
芭波	はな,はなみ
萩菜	しゅうな,しゅな
白花	きよか,はな
白帆	あきほ,しほ
八生	やえ,やよい
帆ノ海	ほのか,ほのみ
帆夏	はんな,ほなつ,ほのか
帆海	ほのか,ほのみ
帆生	はんな,ほのみ
帆那	はな,はんな
帆南	はんな,ほなみ
帆乃海	ほのか,ほのみ
帆波	はんな,ほなみ
帆和	はんな,ほのか
帆梛	はな,はんな
妃愛	ひめ,ひより
妃愛乃	ひなの,ひめの
妃依	ひよ,ひより
妃羽	このか,ひめは
妃夏	ひいな,ひなつ,ひめか,ひめな
妃華	ひめか,みか
妃希	きき,きさき
妃輝	きき,きさき,きらら
妃香	ききょう,ひめか
妃咲	きさ,きさき
妃子	きこ,ひめこ
妃真	えま,ひさな
妃世	ひめよ,ひよ,みよ
妃星	きあら,きせい,きほ,きらら,ひまり
妃奏	きさら,ひめか
妃那	えな,ひいな,ひめな
妃那子	ひなこ,ひなみ
妃南	えな,ひなみ
妃乃	きの,ひの,ひめの
妃美	きみ,ひみ
妃美子	きみこ,ひみこ
妃姫	きき,きさき,ひめ
妃穂	きほ,ひすい
妃未	えま,えみ,ひみ
妃夜	ひめよ,ひよ
妃野	ひの,ひめの
妃来	きこ,ひめき
妃里	えり,ひより,ゆり
妃里乃	きりの,ゆりの
妃恋	えれん,きこ
妃和子	きわこ,ひなこ
妃來	えな,ひめき
妃莉	ひまり,ひめり,ひより
斐心	あやこ,あやみ
斐美	あやみ,ひみ
緋織	あかり,ひおり
緋美	あけみ,ひみ
緋和子	ひなこ,ひわこ
飛水	あすみ,ひすい
飛波	あすは,ひなみ
美祐	みゆ,みゆう
美々	みう,みみ
美愛李	みあり,みおり
美愛梨	みあり,みおり
美愛理	みあり,みおり
美愛璃	みあり,みおり
美愛里	みあり,みおり
美愛恋	りえこ,りなこ
美愛凛	みあり,みおり
美愛莉	みあり,みおり
美愛凜	みあり,みおり
美逢	みあ,みあい
美葵	ひまり,みあ,みき,みそら
美安	びあん,みあ,みあん
美杏	はるあ,びあん,みあ,みあん
美依	うい,ひより,みい,みえ,みよ,よしえ
美惟	みあり,みい
美衣	みい,みえ,みき,よしえ
美郁	みく,みくに
美稲	みいな,よしな
美宇	みう,みそら
美羽	みう,みはな,みはね,みゅう,みわ
美羽菜	みうな,みはな
美羽奈	みうな,みはな
美卯	みう,みゅう
美雲	みう,みく
美映	みえ,みはる,よしえ
美栄	みえ,みはる,よしえ
美永	みえ,みと
美英	みえ,みはな,よしえ
美詠	みえ,みよ
美円	みえ,みおん
美園	みおん,みその
美苑	みおん,みその
美温	みおん,みはる
美佳	みか,みよ,みよし,よしか
美加	みか,よしか
美可	みか,よしか
美嘉	みか,みひろ,よしか
美夏	みか,みなつ,よしか
美果	みか,よしか
美架	あいか,みか
美歌	みう,みか,みかん,よしか
美珂	ほのか,みか
美花	みか,みはな,みはる,よしか
美花奈	みかな,みはな
美華	あいか,みか,みはな,みはる,よしか
美賀	みか,よしか
美雅	みあ,みか,みや,みやび
美海華	みかげ,みみか
美絵	はるえ,みえ,みか,よしえ
美叶	みか,みかな,みと
美寛	みかん,みひろ
美柑	みか,みかん
美環	みかん,みわ
美緩	みかん,みひろ,みゆ
美観	みかん,よしみ
美喜	みき,みはる
美稀	みき,みずき
美紀	ほのり,みき,みこと
美輝	みか,みき
美輝子	みかこ,みきこ
美丘	みおか,みく,みつか
美京	みちか,みひろ
美郷	みこ,みさと
美琴	みき,みこ,みこと
美玖	みき,みく
美空	ひばり,みあ,みう,みく,みそら
美薫	みか,みく
美啓	みはる,みひろ
美恵	はるえ,みえ,よしえ
美慧	みえ,みさと
美景	みかげ,みひろ
美結	みゅう,みゆ,みゆい,みゆう
美結羽	みゅう,みゆう
美湖	みうみ,みこ,よしこ
美胡	みう,みくる,みこ
美光	みひろ,みみ
美公	みき,みく
美好	みこ,みずき,みよし
美幸	みこ,みさき,みゆき
美江	みえ,よしえ
美紅	みあか,みく,みるく
美香	ふみか,みか,よしか
美沙	みさ,みずな
美沙生	みさお,みさき
美彩	ひいろ,みあ,みい,みさ,みさえ
美采	みこと,みと
美菜	はるな,みいな,みさ,よしな
美冴	みさ,みさえ
美咲	さくら,みく,みさ,みさき
美桜	うらら,みおん,みさ,みさき,みはる,みよ,りさ
美桜音	みおね,みおん
美桜子	みおこ,みさこ
美仔	みこ,みよ
美子	はるこ,みこ,みね,よしこ
美枝	みえ,よしえ
美詩	みう,みゆき
美実	みみ,よしみ
美紗	みさ,みすず
美寿	みこと,みすず
美秋	みあ,みあき
美渚	はるな,みなぎ
美祥	みさき,みひろ
美笑	みえ,みわ,よしえ
美心	うるみ,みこ,みこと,みみ
美仁	みさと,みにい,みひろ
美吹	みき,みぶき
美水	みみ,みゆ
美翠	ひすい,みあき,みどり
美成	あいな,みあき
美星	あかり,みそら,みほ,みほし,りせ
美生	みい,みう,みき,みく,みみ
美青	みあ,みさお,みはる
美雪	みゆ,みゆき
美千	みち,みゆき
美泉	みい,みみ
美奏	みか,みかな,るみか
美早	みさ,みさき,みはや
美知	みち,みはる
美智	ほのり,みさと,みち
美宙	みそら,みひろ
美朝	みあ,みさ
美天	みく,みそら
美兎	みう,みと
美杜	みと,みもり
美都	みくに,みさと,みと,みひろ,みやこ
美冬	みと,みふゆ
美奈	あいな,はるな,よしな
美那	あいな,はるな,みふゆ,よしな
美凪	あいな,みなぎ
美虹	みく,みこ,みにい
美日	みか,みはる
美祢	はるな,みね
美乃	はるの,みのん,みゆき,よしえ,よしの
美帆里	みおり,みほり
美妃	みき,みさき,みやび
美美	みみ,よしみ
美楓	みか,みふう
美風	みか,みふう
美蕗	みぶき,みる
美碧	みあ,みどり
美保	しほ,みほ
美保子	みおこ,みほこ
美歩	はるほ,みほ
美穂子	みおこ,みほこ
美芳	みか,みよし
美豊	みと,みひろ,みほ
美未	みみ,よしみ
美魅	みみ,よしみ
美巳	みみ,よしみ
美夢	みう,みむ,みゆ,みゆう
美名	はるな,よしな
美命	みこと,みもり
美明	みあ,みあか,みあき,みはる
美夜	みや,みよ
美夜子	みやこ,みよこ
美弥	みひろ,みみ,みや,よしみ
美諭	みさと,みゆ
美唯	みい,みゆ,みゆい
美佑	みう,みゅう,みゆ,みゆう
美優	みう,みひろ,みゅう,みゆ,みゆう
美優羽	みゅう,みゆう
美優夏	みゆか,みゆな
美優花	みゆか,ゆみか
美勇	みゆ,みゆう
美友	みゅう,みゆ,みゆう
美宥	みひろ,みゆ,みゆう
美悠	みう,みちか,みはる,みゆ,みゆう
美憂	みう,みゆ,みゆう
美有	みあ,みあり,みう,みゅう,みゆ,みゆう
美柚	みゆ,みゆう
美由	みゆ,みゆう
美祐	みひろ,みゆ,みゆう
美裕	みひろ,みゅう,みゆ,みゆう
美遊	みゆ,みゆう
美夕	みゆ,みゆう
美洋	みひろ,みよ
美葉	みよ,みわ
美陽	みはる,みや,みよ
美利	みき,みと,みり
美理	みさと,みり
美里	みさと,みり
美流	みはる,みる
美琉	みり,みる
美留	みと,みる
美亮	みあき,みゆき
美涼	みすず,みり
美瑠	みる,りみ
美伶	みさと,みれ,みれい
美嶺	みね,みれい
美怜	みさと,みれい
美玲	みれ,みれい
美鈴	みすず,みれい
美麗	うらら,みう,みうな,みり,みれ,みれい
美麗愛	みりあ,みりな,みれあ
美恋	みこ,みれい
美和	ほのか,みあ,みか,みなぎ,みわ
美侑	みう,みゆ,みゆう,みゆき
美徠	みく,みくる
美昊	みこ,みそら,みひろ
美栞	みおり,みか,みかん
美琥	みく,みこ
美絆	みき,みゆな
美翔	ふみか,みう,みか,みと
美莉	あいり,みり,みれい
美莉依	みりい,みれい
美釉	みゆ,みゆう
美颯	みく,みはや
柊愛	ひめ,ひより
柊羽子	しゅうこ,とうこ
柊夏	しゅうか,ひなつ
柊花	しゅうか,しゅか
柊華	しゅうか,とうか
柊叶	しゅうか,しゅか
柊菜	しゅうな,しゅな,ひいな
柊子	しゅうこ,とうこ
柊奈	しゅうな,ひいな
柊那	しゅうな,しゅな,ひいな
柊南	しゅうな,ひいな,ひなみ
柊和	しゅうか,ひより
柊梛	しゅうな,ひいな
姫愛	きあら,てぃあら,ひめ,ひめあ,ひよな,ひより,りあら
姫愛彩	きあら,きらら
姫愛星	きらら,りあら
姫愛来	きあら,きらら
姫依	ひより,めい
姫音	しのん,ひめの
姫佳	ひめか,ひめよ
姫夏	ひめか,ひめな
姫華	じゅりあ,ひめか,ひめは
姫雅	ひめあ,ひめか
姫海	ひめか,ひめみ
姫叶	ききょう,ひなの,ひめか
姫喜	きき,ひめき
姫希	きき,ひなの,ひめき,ひめの
姫季	きき,ひめき
姫稀	きき,ひめき
姫輝	きき,ひめき
姫月	ひめき,ゆづき
姫彩	きさ,ひいろ,ひめあ,めい
姫菜	ひいな,ひめな
姫咲	きえ,きさ,きさき
姫桜	きさ,ひよ
姫子	きこ,ひめこ
姫実	きみ,ひめみ
姫心	きこ,ひめみ
姫星	きせい,きらら,しえる
姫生	きき,めい
姫奈	てぃな,ひめな
姫乃	きの,ひの,ひめの
姫妃	きき,ひめき
姫美	ひみ,ひめみ,ひめよ
姫蕗	めぶき,める
姫朋	きほ,しほ
姫来	きらら,ひめき
姫蘭	きあら,きらら,ひめか
姫恋	かれん,きこ,ひめこ
姫凛	ひめり,ひより
姫綺	きき,ひめき
姫莉	ひまり,ひめり
媛愛	ひめあ,ひより
媛音	ひめな,ひめの
媛佳	ひめか,ひめよ
媛夏	ひめか,ひめな
媛花	ひみか,ひめか
媛華	ひみか,ひめか
媛海	ひめか,ひめみ
媛希	ひめき,ひめの
媛香	あやか,ひみか,ひめか
媛菜	えいな,ひめな
媛子	はなこ,ひめこ
媛乃	ひめの,よしの
媛美	ひめみ,ひめよ
媛蕗	めぶき,める
媛梨	ひめか,ひめり
媛和	ひめな,ひより
百々愛	ももあ,ももえ,ももな
百愛	もあ,もえ,もか,ももあ,ももか,ももな
百杏	もあ,ももあ
百郁	もか,ももか
百映	もえ,ももえ,ももは
百瑛	もえ,ももえ
百榎	もえ,ももか
百音	もね,ももね
百伽	もか,ももか
百佳	もか,ももか
百加	もか,ももか,ゆか
百夏	もか,もな,ももか
百果	もか,ももか
百歌	もか,ももか,ゆか
百花	もか,ももか,ももこ,ももな,ももは,ゆか
百華	もか,ももか,ももは,ゆか
百絵	もえ,ももえ
百叶	もか,ももか
百恵	もえ,ももえ
百慧	もえ,ももえ
百湖	もこ,ももこ
百香	もか,もこ,ももか,ももこ,ゆか
百合	ももあ,ゆり
百合愛	さりな,ゆりあ,ゆりえ
百合夏	ゆりか,ゆりな
百合花	ゆりか,ゆりは
百合子	ゆりこ,ゆりね
百合歩	ゆりあ,ゆりほ
百彩	もあ,ももあ,ももい
百菜	もな,ももな
百咲	もえ,もえみ,ももえ
百子	もね,ももこ
百笑	もえ,もえみ,ももえ
百世	ももせ,ももよ
百奈	もな,ももな
百那	もな,ももな
百南	もな,ももな
百祢	もね,ももね
百波	もなみ,ももは
百萌	ともえ,もも,ももえ
百名	もな,ももな
百蘭	ももか,ゆら
百嶺	もね,ももね
百惠	もえ,ももえ
百栞	もか,ももか
品子	かずこ,ひでこ
彬水	あきみ,あやみ
富季子	ときこ,ふきこ
富貴子	ときこ,ふきこ
富士子	としこ,ふじこ
富子	ふうこ,ふくこ
芙羽梨	ふうり,ふわり
芙羽莉	ふうり,ふわり
芙咲	ふさ,ふぶき
芙実	はすみ,ふみの
芙生子	ふうこ,ふきこ
芙南	はすみ,ふみな
芙優	ふゆ,ふゆう
芙優子	ふうこ,ふゆこ
芙有子	ふうこ,ふゆこ
撫子	なこ,なでしこ,やすこ,よしこ,よりこ
舞愛	まい,まいあ,まいな,まかな
舞依	まい,まよ
舞衣	まい,まえ
舞羽	まいは,まう
舞佳	まいか,まか
舞花	ひらり,ふうか,まいか,まはな
舞華	まいか,まいは,まはな
舞海	まいか,まいみ,まみ
舞叶	まいか,まかな
舞希	ふれあ,まう
舞弓	まゆ,まゆみ
舞彩	まあや,まい,まいあ,まや
舞実	まいみ,まみ
舞珠	まいみ,まみ
舞織	まおり,まり
舞心	まいみ,まなか
舞雛	まじゅ,まひな
舞生	まい,まう,まふゆ
舞雪	まい,まゆ,まゆき
舞泉	まい,まいみ
舞奏	ふうか,まいか,まかな
舞南	まいな,まなみ,まみ
舞乃	まいの,まの
舞埜	まいの,まの
舞波	まいは,まなみ
舞帆	まいほ,まほ,まほろ
舞美	まいみ,まみ
舞歩	まいほ,まほ
舞穂	まいほ,まほ
舞朋	まいほ,まほ
舞未	まいみ,まみ
舞夢	まいむ,まむ,まゆ,むむ
舞耶	まいや,まや
舞弥	まいみ,まいや,まみ,まや
舞唯	まい,まゆ
舞優	まう,まゆ,まゆう
舞宥	まゆ,まゆう
舞夕	まゆ,まゆう
舞葉	まいは,まよ
舞梨	ひらり,まいり,まり,まりん
舞理	まいり,まり
舞璃	まいり,まり
舞里	ひらり,まいり,まり
舞琳	まいり,まりん
舞侑	まう,まゆ
舞俐	まいり,まり
舞凛	まり,まりん
舞莉	ひらり,まいり,まり
舞凜	まいり,まり,まりん
楓音	かざね,かのん
楓夏	ふうか,ふうな
楓瑚	かこ,ふうこ
楓香	ふうか,りこ
楓菜	かえな,かんな,ふうな
楓子	あきこ,かこ,かなこ,かのこ,ふうこ
楓渚	かんな,ふうな
楓心	ふうこ,りこ
楓奈	かえな,かんな,ふうな
楓南	かえな,ふうな
楓乃	かの,ふうの
楓苗	かなえ,ふうな
楓蘭	かえら,ふうか
楓梨	かりん,ふうり
楓鈴	かりん,ふうり
楓恋	かれん,りこ
楓和	ふうか,ふうな,ふうわ
楓來	かえら,ふうな
楓凛	かりん,ふうり
楓凜	かりん,ふうり
風葵	ふうあ,ふき
風羽里	ふうり,ふわり
風音	かざね,かの,かのん
風花	かざは,ふうか
風季	ふうり,ふき
風香	ふうか,ふうこ
風子	かざね,ふうこ
風織	かおり,ふうり
風心	かざみ,ふうこ
風南	かなん,ふうな
風乃	かざの,かの,ふうの
風優菜	ふうな,ふゆな
風梨	ふうり,ふわり
風鈴	かりん,ふうり
風和	ふうあ,ふうか,ふうな,ふうわ,ふわり
風凛	かりん,ふうり
風莉	ふうり,ふわり
風凜	かりん,ふうり,ふわり
蕗霞	ふきか,ふみか
蕗菜	ふきな,ろな
蕗子	ふきこ,ろこ
蕗奈	ふきな,るな,ろな
蕗那	ふきな,ろな
福子	さきこ,さちこ,ふくこ
粉雪	このか,ふわり
文愛	あやめ,ふみな,みちか
文羽	あやは,ふみは
文詠	あやえ,ふみえ
文音	あやね,あやの
文伽	あやか,ふみか
文佳	あやか,ふみか
文加	あやか,ふみか
文嘉	あやか,ふみか
文夏	あやか,あやな,ふみか
文果	あやか,ふみか
文架	あやか,ふみか
文歌	あやか,ふみか
文花	あやか,ふみか
文華	あやか,ふみか
文海	あやみ,ふみか
文絵	あやえ,ふみえ
文椛	あやか,ふみか
文恵	あやえ,ふみえ
文香	あやか,あやこ,ふみか
文彩	あやさ,ふうあ
文菜	あやな,ふみな
文咲	あやさ,みさき
文子	あやこ,のりこ,ふみこ,ゆきこ
文水	あやな,あやみ
文奏	ふみか,もか
文奈	あやな,ふみな
文那	あやな,ふみな
文乃	あやの,ふみの,ゆきの,よしの
文之	あやの,ふみの
文埜	あやの,ふみの
文美	あきみ,あみ,あやみ,ひさみ
文萌	あやほ,あやめ,みほ
文名	あやな,ふみな
文野	あやの,ふみの
文葉	あやは,ふみは,ふみよ,やすは
文梨	あやな,あやり,ふみな
文恋	ふみこ,みこ
文梛	あやな,ふみな
文釉	みゆ,みゆう
米夏	まいか,まいな
碧佳	あいか,あおか
碧夏	あおか,あおな,せいな,みか,みなつ
碧果	あおか,あおは
碧歌	あいか,あおか
碧花	あおか,あおは,みはな
碧華	あおか,あおな,あおは,みか,みはな,みはる
碧香	あおか,あこ
碧咲	みさ,みさき
碧子	あおね,あこ,たまこ
碧春	あおは,みはる
碧渚	あいな,あおな
碧心	あおみ,あこ,たまこ,たまみ
碧捺	みいな,みなつ
碧乃	あおの,たまの
碧美	あおみ,あみ,たまみ,みはる
碧悠	みはる,みゆ,みゆう
碧李	あおり,みどり
碧梨	あいり,あおり,みどり
碧璃	あおり,みどり
碧里	あおり,みどり
碧流	あいる,のえる,みはる
碧凛	あおり,みどり
碧梛	あおな,みなぎ
碧莉	あいり,あおり,みどり
保夏	ほのか,もか
保花	ほのか,やすか
保香	ほのか,やすか
保子	やすこ,よりこ
保実	ほのみ,やすみ
保美	ほのみ,やすみ
歩伽	あゆか,ほのか
歩佳	あゆか,ふうか,ほのか
歩加	あゆか,ほのか
歩可	あゆか,ほのか
歩夏	あゆか,あゆな,ほなつ
歩果	あゆか,ほのか
歩架	あゆか,ほのか
歩歌	あゆか,ほのか
歩花	あゆか,ほのか
歩華	あゆか,あゆは,ほのか
歩叶	あゆか,ほのか
歩弓	あゆみ,ふゆみ
歩香	あゆか,ほのか
歩子	あゆこ,ふゆね
歩実	あゆみ,ふみの
歩奏	あゆか,ほのか
歩南	あゆな,あゆみ,ふみな,ほなみ
歩波	あゆは,ほなみ
歩美	あみ,あゆみ
歩楓	あゆか,ほのか
歩未	あみ,あゆみ
歩優	ふゆ,ふゆう
歩優花	ふうか,ふゆか
歩梨	あゆり,ほのり
歩里	あゆり,ほのり
歩良	あゆみ,あゆら
歩恋	あこ,あゆこ
歩和	あゆな,ほのか
穂佳	すいか,ほのか
穂夏	ほなつ,ほのか
穂架	すいか,ほのか
穂海	ほのか,ほのみ
穂子	のりこ,ひなこ,みこ
宝花	ほのか,みちか
宝子	たかこ,ともこ
峰花	みか,みはる
峯音	たかね,ねね
方子	まさこ,やすこ
朋佳	ともか,ほのか
朋夏	ともか,ほのか
朋花	きょうか,ともか
朋香	ともか,ほのか
朋葉	ともは,ともよ
法子	のりこ,みちこ
芳音	かのん,はのん
芳佳	ほのか,みちか,よしか
芳夏	ほなつ,よしか
芳華	ほのか,よしか
芳子	かおるこ,はなこ,よしこ
芳奈	かんな,よしな
芳乃	はなの,よしの
芳野	かぐや,はなの,よしの
芳凛	かおり,かりん
萌々夏	ももか,ももな
萌々華	ももか,ももは
萌々葉	ももは,ももよ
萌々和	ももあ,ももな
萌愛	めい,めいな,めぐみ,もあ,もえ,もえな,もな,らぶ
萌葵	もえき,もえぎ
萌依	めい,もえ
萌依子	めいこ,もえこ
萌衣	めい,もえ
萌衣花	めいか,もえか
萌衣子	めいこ,もえこ
萌衣奈	めいな,もえな
萌衣那	めいな,もえな
萌郁	めい,もえか
萌羽	もえは,ももは
萌映	めばえ,もえ
萌永	もえ,もな
萌音	めい,めろん,もね
萌伽	ほのか,もえか,もか
萌佳	ほのか,もえか,もか
萌加	ほのか,もえか,もか
萌可	もえか,もか
萌嘉	もえか,もか
萌夏	もえか,もえな,もか,もな
萌果	ほのか,もえか,もか
萌架	もえか,もか
萌歌	もえか,もか
萌珂	もえか,もか
萌禾	ほのか,もえか,もか
萌花	ほのか,もえか,もか,もな
萌華	ほのか,もえか,もか,ももか
萌賀	もえか,もか
萌海	めぐみ,もえみ
萌絵	めばえ,もえ
萌叶	もえか,もか
萌椛	もえか,もか,ももみ
萌樺	もえか,もか
萌希	もえき,もえぎ,もえの
萌季	もえき,もえぎ
萌空	もあ,もあな
萌恵	めい,めばえ,もえ,もえみ,ももえ
萌瑚	もえこ,もこ
萌香	ほのか,もえか,もえこ,もか,もこ
萌彩	めい,もあ
萌菜	もえな,もな
萌咲	もえ,もえみ
萌子	もえこ,もこ,もね
萌七	もえな,もな
萌実	めぐみ,もえみ
萌珠	めみ,もえみ
萌笑	もえ,もえみ
萌心	めぐみ,もえみ,もか,もこ
萌真	えみ,めぐみ
萌生	めい,めぐみ,めばえ,もえ,もえみ
萌奈	もえな,もな
萌奈美	ほなみ,もなみ
萌那	もえな,もな
萌凪	もえな,もな
萌南	もえな,もえみ,もな,もなみ
萌日	もえか,もか
萌寧	もね,ももね
萌美	めぐみ,めみ,もえみ
萌楓	ほのか,めいか,もえか,もか
萌望	もえの,もえみ,もも
萌未	めぐみ,もえみ
萌木	もえぎ,もこ
萌有	もも,もゆ
萌李	めり,もえり
萌梨	ほのり,めり,もえり
萌璃	めり,もえり,もゆり
萌里	ほのり,めり,もえり
萌栞	もえか,もか
萌珈	もえか,もか
萌莉	もえり,もゆり
訪永	みえ,みはる
訪夏	みか,みなつ
訪花	みか,みはな,みはる
訪華	みか,みはな,みはる
訪生	みう,みき
訪悠	みはる,みゆ,みゆう
鳳花	おうか,ほのか
鳳子	ひろこ,ふうこ
望々花	ののか,ももか
望亜	のあ,みあ,もあ
望愛	のあ,のえ,のの,みあ,みあい,みちか,もあ,もな
望安	みあ,みあん
望杏	のあ,のあん,みあ,みあん
望衣	のい,みい,もえ
望羽	のあ,みう,みはね,みわ
望永	みはる,もえ
望音	みおん,みと,もね
望加	みか,もか
望夏	みか,みなつ
望歌	みか,もか
望花	みか,みはな,みはる,もか,もな
望華	ののか,まどか,みか,みはな
望絵	のえ,もえ
望叶	のの,みか,みかな,もか
望喜	みき,みはる
望空	のあ,みあ,みく,みそら,もあ
望恵	のえ,みえ,もえ
望結	のあ,のい,みゆ,みゆい,みゆう
望瑚	みこ,もこ
望香	みか,みこ,もこ
望彩	のあ,みあ,みさ
望菜	のな,もな
望咲	みさ,みさき
望子	みこ,もこ
望紗	みさ,みすず
望樹	みう,みき
望笑	のえる,みえ,もえ
望心	みこ,もこ
望生	みい,みう,みき
望蒼	のあ,みあ
望暖	のあ,みはる
望天	みあ,みそら
望杜	みと,みもり
望凪	みなぎ,もな
望乃	のの,のんの
望歩	みと,みほ
望夢	みむ,みゆ,もあ
望明	のあ,みあ
望唯	のい,みゆ,みゆい
望佑	みう,みゆ,みゆう
望優	みう,みゆ,みゆう
望友	みゆ,みゆう
望悠	みはる,みゆ,みゆう
望有	みあ,みう,みゆ
望由	みゆ,みゆう,みゆき,もゆ
望裕	みひろ,みゆ,みゆう
望陽	みはる,みよ
望里	みさと,みり
望怜	みさと,みれい
望鈴	みすず,みれい
望和	みあ,みわ
望莉	みり,みれい
睦子	あつこ,ちかこ,ときこ,ともこ,むつこ,よしこ
睦実	ともみ,むつみ
睦心	むつこ,むつみ
睦乃	ちかの,むつの,よしの
睦美	ともみ,むつみ
睦未	ともみ,むつみ
睦巳	ともみ,むつみ
摩依	まい,まよ
摩優	まゆ,まゆう
磨弥	まみ,まや
磨凜	まり,まりん
麻愛	あさな,まい,まかな,まちか
麻綾	まあや,まや,まりん
麻衣里	あいり,まいり
麻夏	あさか,まか
麻果	あさか,まか
麻歌	あさか,まか
麻禾	あさか,まか
麻花	あさか,まか,まはな
麻華	あさか,まか,まはな
麻海	あさみ,まう,まみ
麻結	まゆ,まゆう
麻見	あさみ,まみ
麻彩	さあや,まあや,まさえ
麻実	あさみ,まみ
麻紗子	あさこ,まさこ
麻珠	まじゅ,まみ
麻心	あさみ,まみ
麻水	あさみ,まみ
麻生	あさみ,まい,まう
麻代	ましろ,まよ
麻南	あさな,まなみ
麻乃	あさの,まの
麻波	あさな,あさみ,まなみ
麻美	あさみ,あみ,えりか,まみ
麻文	まあや,まや
麻朋	あさほ,まほ
麻未	あさみ,あみ,まみ
麻巳	あさみ,まみ
麻夢	まむ,まゆ
麻夜	まや,まよ
麻耶乃	あやの,まやの
麻野	あさの,まの,まや
麻弥	まみ,まや
麻唯子	まいこ,まゆこ
麻佑	まゆ,まゆう
麻優	まう,まや,まゆ,まゆう
麻友	あゆう,まゆ,まゆう
麻友実	まゆこ,まゆみ
麻友美	あゆみ,まゆみ
麻宥	まゆ,まゆう
麻悠	まゆ,まゆう
麻有	あゆう,まゆ,まゆう
麻由	まゆ,まゆう
麻由美	あゆみ,まゆみ
麻誉	まほ,まよ
麻梨	まり,まりん
麻里愛	ありあ,まりあ
麻里衣	まりい,まりえ
麻里沙	ありさ,まりさ
麻琳	ありん,まりん
麻侑	まう,まゆ
麻凛	まり,まりん
麻莉耶	まりか,まりや
毎愛	まいあ,まいな
末莉	まつり,まり
万愛	まい,まちか
万愛子	まあこ,まいこ
万依	まい,まよ
万結	まゆ,まゆう
万珠	まじゅ,まみ
万織	まおり,まり
万智	まち,まちか
万夢	まむ,まゆ
万宥	まゆ,まゆう
万悠	まゆ,まゆう
万鈴	まり,まりん
万侑	まう,まゆ,まゆき
万凛	まり,まりん
万凜	まり,まりん
満愛	まえ,まかな,みあ,みう,みちか
満花	まか,みちか,みつか,みはな
満華	みちか,みはな
満海	まみ,みつみ
満希子	まきこ,みきこ
満月	みちる,るな
満香	みか,みちか,みつか
満咲	ありさ,みさ,みさき
満咲子	まさこ,みさこ
満子	みちこ,みつこ
満枝	みちえ,みつえ
満織	まおり,みおり
満雪	まゆき,みゆき
満智	まち,みさと,みち
満帆	まほ,みつほ,みほ
満美	まみ,みつみ
満穂	まほ,みつほ
満耶	まや,みや
満夕	まゆ,みゆ
満梨佳	まりか,みりか
満里	まり,みさと
満里奈	まりな,みりな
満留	まる,みちる,みる
満瑠	みちる,みる
未祐	みゆ,みゆう
未愛	みあ,みあい,みう,みちか
未愛李	みあり,みおり
未愛梨	みあり,みおり
未愛理	みあり,みおり
未愛璃	みあり,みおり
未愛里	みあり,みおり
未愛凛	みあり,みおり
未愛莉	みあり,みおり
未愛凜	みあり,みおり
未杏	みあ,みあん
未依	まい,まよ,みい,みえ,みよ
未維	みい,みこ
未衣	みい,みえ
未郁	みか,みく
未羽	みう,みはね,みゆう,みわ
未羽那	みうな,みはな
未英	みえ,みはな
未園	みおん,みその
未苑	みおん,みその
未温	みおん,みはる
未音	みおん,みと,みね,みのん
未夏	みか,みなつ
未花	みか,みはな
未華	みか,みはな,みはる
未海	みうな,みうみ,みみ
未柑	みか,みかん
未環	みかん,みわ
未紀	みき,みこと
未玖	みき,みく
未空	みあ,みく,みそら
未結	みう,みむ,みゆ,みゆい,みゆう
未呼	みこ,みよ
未幸	みさき,みゆき
未彩	みあ,みい,みさ,みさえ
未采	みこと,みさ,みと
未冴	みさ,みさえ
未咲	みさ,みさき
未実	みちか,みみ
未紗	みさ,みすず
未恕	みくに,みひろ
未心	みこ,みみ
未新	みちか,みにい
未生	まう,みい,みう,みき
未智	みさと,みち
未宙	みそら,みひろ
未都	みくに,みさと,みと
未透	みずき,みゆき
未美	みう,みはる,みみ
未楓	みか,みふう
未蕗	みぶき,みる
未萌	みなも,みほ
未夢	みむ,みゆ,みゆう
未命	みこと,みもり
未明	みあ,みはる
未唯	まい,みい,みゆ,みゆい
未唯菜	みいな,みゆな
未佑	みう,みゆ,みゆう
未優	みう,みひろ,みゅう,みゆ,みゆう
未友	みゅう,みゆ
未宥	みひろ,みゆ,みゆう
未悠	みう,みはる,みゅう,みゆ,みゆう
未憂	みう,みゆう
未有	みあ,みあり,みう,みゆ,みゆう
未由	みゆ,みゆう
未由奈	まゆな,みゆな
未祐	みひろ,みゅう,みゆ,みゆう
未裕	みひろ,みゆ
未夕	みゆ,みゆう
未陽	みはる,みや,みよ
未来乃	みきの,みくの,みらの
未理	みさと,みり
未璃	いまり,みり
未里	みさと,みり
未流	みはる,みる
未伶	みさと,みれい
未怜	みさと,みれい
未倭	みい,みわ
未和	みか,みなぎ,みわ
未侑	まゆ,みう,みゅう,みゆ,みゆう
未昊	みそら,みひろ
未晏	みあん,みはる
未栞	みおり,みかん
未絆	みき,みずな
未綺	まあや,みき
未翔	みう,みか,みと,みはね
未莉	いまり,みり,みれい
未莉愛	まりあ,みりあ
未莉花	まりか,みりか
未莉菜	まりな,みりな
未釉	みゆ,みゆう
魅愛	みあ,みちか
魅羽	みう,みはね,みわ
魅苑	みおん,みその
魅音	みおん,みと,みね,みのん
魅空	みあ,みく
魅結	みゆ,みゆい
魅咲	みさ,みさき
魅星	みほ,みほし
魅兎	みう,みと
魅夜子	みやこ,みよこ
魅悠	みゆ,みゆう
魅来	みく,みくる
巳愛	みあ,みわ
巳華	みか,みはな
巳己	みき,みみ
巳生	みい,みき
巳弥	みみ,みや
巳里	みさと,みり
岬子	こうこ,さきこ,みさこ
蜜果	みか,みつか
蜜花	みか,みつか
蜜柑	みか,みかん
湊音	かのん,みおん
湊子	あつこ,そうこ,みなこ
妙香	たえこ,みか
夢亜	くれあ,ゆめあ
夢愛	くれあ,ゆあら,ゆま,ゆめあ,ゆめな,ゆら,ゆり
夢衣	めい,ゆい
夢加	ゆか,ゆめか
夢夏	ゆな,ゆめか,ゆめな
夢果	ゆか,ゆめか
夢歌	ゆか,ゆめか
夢花	ゆうか,ゆか,ゆな,ゆめか
夢華	ゆめか,ゆめは
夢嘩	ゆか,ゆめか
夢海	ゆうな,ゆうみ,ゆか,ゆみ,ゆめか,ゆめみ
夢楽	くらら,ゆら
夢叶	しゅか,むむ,ゆいか,ゆうか,ゆうな,ゆか,ゆかな,ゆの,ゆめか
夢空	くれあ,のあ,ゆうあ,ゆのん,ゆめあ,ゆら
夢結	めい,ゆゆ
夢香	ゆか,ゆみか,ゆめか
夢彩	めい,ゆい,ゆさ,ゆめあ
夢菜	ゆな,ゆめな
夢咲	ゆさ,ゆら
夢桜	みさ,ゆら
夢七	ゆな,ゆめな
夢実	かなみ,ゆうみ,ゆま,ゆみ,ゆめの,ゆめみ
夢渚	ゆな,ゆめな
夢心	ゆい,ゆめこ,ゆめみ
夢星	くらら,める,ゆめほ
夢生	めい,ゆい,ゆな,ゆめな
夢奏	ゆかな,ゆめか
夢奈	ゆな,ゆめな
夢那	ゆな,ゆめな
夢凪	ゆな,ゆめな
夢南	ゆな,ゆみ,ゆめな
夢日	あすな,ゆめか
夢乃	ゆの,ゆめの
夢波	ゆな,ゆめな,ゆめは
夢美	むつみ,ゆみ,ゆめほ,ゆめみ
夢姫	ありす,らら
夢舞	むむ,ゆま
夢歩	みと,ゆの,ゆめほ
夢穂	みずほ,ゆめほ
夢望	ゆの,ゆみ,ゆめの,ゆめみ
夢未	ゆみ,ゆめみ
夢明	ゆうあ,ゆめあ
夢有	みゆ,めあり
夢羅	くらら,ゆら
夢来	くらら,めい,ゆら,ゆらら
夢蘭	くらら,ゆめか,ゆら
夢梨	ゆな,ゆり
夢良	くらら,ゆら
夢麗	ゆら,ゆり
夢來	くらら,みき,ゆな,ゆめな,ゆら
夢徠	くらら,ゆら
夢翔	ゆか,ゆめか
名子	なこ,めいこ
名保子	なおこ,なほこ
命子	みこ,めいこ
明愛	めい,めいあ,めいな
明愛莉	あめり,めあり
明杏	ありあ,みあ
明依子	あいこ,めいこ
明衣	あきえ,めい
明衣子	あいこ,めいこ
明音	あかね,あきね,あのん,はるね
明加	あきか,さやか,めいか
明可	あきか,みか,めいか
明嘉	あきか,めいか
明夏	あきか,はるな,めいか
明果	あきか,めいか
明架	あきか,めいか
明歌	あきか,めいか
明禾	てるか,めいか
明花	あきか,さやか,めいか,めいな
明華	あきか,あきは,めいか
明結菜	あすな,あゆな
明見	あきみ,あけみ
明己	あけみ,あこ
明胡	あこ,めいこ
明瑚	あこ,はるこ,みこ,めいこ
明光	あかり,めいこ
明香	あきか,あこ,さやか,めいか
明菜	はるな,みいな,めいな
明子	あかね,あきこ,あこ,さやこ,はるこ,めいこ
明実	あきみ,あけみ,あみ,めいみ
明珠	あけみ,あみ,あんじゅ
明寿実	あすみ,あずみ
明純	あすみ,あずみ
明心	あけみ,あこ,あみ
明深	あけみ,あみ
明澄	あすみ,あずみ
明星	あかり,あきほ
明生子	あいこ,あきこ
明代	あきよ,てるよ
明奈	あんな,はるな,みいな,めいな
明那	はるな,めいな
明南	はるな,めいな
明日海	あすみ,あずみ
明日見	あすみ,あずみ
明日咲	あずさ,つぼみ
明日実	あすみ,あずみ
明日美	あけみ,あすみ,あずみ
明日望	あすの,あすみ
明寧	あかね,あきね
明乃	あきの,さやの,はるの
明美	あきみ,あけみ,あみ,めいみ
明蕗	めぶき,める
明未	あけみ,あすみ,あみ,めいみ
明野	あきの,はるの
明弥	あけみ,あみ
明優里	あやな,あゆり
明利	あかり,めり
明梨	あかり,ありん,めり
明嶺	あかね,あきね
明鈴	あかり,ありん
明恋	はるこ,めいこ
明來	あこ,みく
明凛	あかり,ありん
明凜	あかり,ありん
鳴華	なのは,めいか
茂子	しげこ,もこ
木ノ香	きのか,このか
木香	きこ,このか,もか
木子	きこ,もこ
紋羽	あきは,あやは
紋華	あきは,あやか
紋芭	あきは,あやは
紋葉	あきは,あやは
耶英	かはな,やえ
野々花	ののか,ののは
野々華	ののか,ののは
野衣	のい,のえ
野花	ののか,ののは
野乃華	ののか,ののは
弥々	みみ,やや
弥愛	いより,みあ,みう,みちか
弥葵	みあ,みき
弥依	みい,やえ
弥惟	みい,みゆい
弥衣	みい,やえ
弥郁	みか,やよい
弥羽	みう,みはね
弥栄	みえ,やえ
弥英	みはな,やえ
弥苑	みおん,みその
弥央	みちか,みひろ
弥音	ねね,みおん,みね
弥佳	みか,やよい
弥花	みか,みはな
弥華	みか,みはな
弥柑	みか,みかん
弥琴	みこ,みこと
弥玖	みき,みく
弥空	みあ,みく,みそら
弥恵	みえ,やえ
弥慧	みさと,やえ
弥結	みゆ,みゆい,みゆう
弥瑚	ひさこ,みこ,やこ
弥彩	みあ,みさ
弥采	みこと,みと
弥咲	みさ,みさき,やえ
弥子	ひさこ,ひろこ,みこ,みね,やこ
弥笑	みさき,やえ
弥世	ひろよ,みよ
弥生	みい,みう,みき,やよい
弥生子	まちこ,みおこ,やえこ
弥雪	みゆ,みゆき
弥代	みつよ,みよ
弥都	みさと,みと
弥奈	ひろな,やすな
弥蕗	みぶき,みる
弥芳	みか,みよし
弥巳	ひさみ,みみ
弥也	みや,やや
弥夜	みや,やや
弥耶	みや,やや
弥矢	みや,やや
弥佑	みゆ,みゆう
弥優	みう,みゆ,みゆう
弥悠	みはる,みゅう,みゆ
弥有	みあ,みあり,みゆ,みゆう
弥由	みゆ,みゆう
弥邑	みさと,みゆ
弥夕	みゆ,みゆう
弥陽	みはる,みや
弥理	いより,みこと,みり
弥璃	いより,みり
弥里	いより,みさと,みり
弥伶	みさと,みれい
弥鈴	いより,みすず,みれい
弥和	みなぎ,みわ
弥侑	みう,みゆ
弥莉	いより,みり,みれい
靖佳	きよか,しずか,やすか
靖花	しずか,せいか,やすか
靖湖	せいこ,やすこ
靖香	しずか,せいか,やすか
靖子	きよこ,せいこ,のぶこ,やすこ
靖世	のぶよ,やすよ
靖代	のぶよ,やすよ
靖奈	せいな,やすな
靖乃	きよの,やすの
癒奈	ゆうな,ゆな
唯々	ゆい,ゆゆ
唯愛	いちか,いより,ゆい,ゆいあ,ゆいな,ゆな
唯依	いよ,いより,ゆい
唯一花	いちか,ゆいか
唯音	ゆいね,ゆのん
唯伽	いちか,ゆいか
唯佳	ゆいか,ゆか
唯加	ゆいか,ゆか
唯嘉	ゆいか,ゆか
唯夏	ゆいか,ゆいな,ゆうな
唯禾	いちか,ゆいか,ゆの
唯花	いちか,ゆい,ゆいか,ゆいな,ゆか
唯華	いちか,ゆいか,ゆいは,ゆか
唯海	ゆいか,ゆいみ
唯瑚	いちご,ゆいこ
唯香	いちか,ゆいか
唯菜	ゆいな,ゆな
唯実	いちか,ゆいみ,ゆみ
唯真	いちか,ゆま
唯奏	ゆいか,ゆかな
唯奈	ゆいな,ゆな
唯那	ゆいな,ゆな
唯凪	ゆいな,ゆな
唯祢	ゆいな,ゆいね
唯乃	ゆいな,ゆいの,ゆな,ゆの
唯波	ゆいな,ゆいは
唯美	いよ,ゆいみ,ゆみ
唯未	ゆいみ,ゆみ
唯弥	ゆいみ,ゆみ
唯由	いよ,いより,ゆゆ
唯李	ゆいり,ゆり
唯里	ゆいり,ゆり
唯和	いより,ゆい,ゆいな
唯來	ゆいな,ゆな
唯凛	いちか,ゆいり
唯栞	ゆいか,ゆいり
唯莉	ゆいの,ゆいり,ゆり
佑依	うい,ゆい
佑衣	うい,ゆい
佑音	ゆうね,ゆのん
佑佳	ゆうか,ゆか
佑加	ゆうか,ゆか
佑夏	ゆうか,ゆうな,ゆか
佑果	ゆうか,ゆか
佑珂	ゆうか,ゆか
佑花	ゆうか,ゆか
佑華	ゆうか,ゆか
佑樺	ゆうか,ゆか
佑圭	ゆうか,ゆか
佑月	ゆつき,ゆづき
佑香	ゆうか,ゆか
佑菜	ゆうな,ゆな
佑七	ゆうな,ゆな
佑実	ゆうみ,ゆみ
佑泉	うい,ゆい
佑奏	ゆうか,ゆかな
佑奈	ゆうな,ゆな
佑那	ゆうな,ゆな
佑凪	ゆうな,ゆな
佑南	ゆうな,ゆな
佑寧	ゆうな,ゆうね
佑乃	うの,ゆうの,ゆの
佑波	ゆうな,ゆな
佑美	ゆうみ,ゆみ
佑弥	ゆうみ,ゆみ
佑来	ゆうな,ゆら
佑來	ゆな,ゆら
佑梛	ゆうな,ゆな
優亜	ののあ,ゆうあ
優愛	めぐみ,ゆあら,ゆい,ゆうあ,ゆうな,ゆえ,ゆきあ,ゆな,ゆのあ,ゆら,ゆり,りな
優依	うい,ゆい,ゆえ
優依花	ゆいか,ゆいな
優衣	うい,ひろえ,ゆい,ゆえ
優衣夏	ゆいか,ゆいな
優衣花	ゆいか,ゆいな
優衣乃	ゆいな,ゆいの,ゆきの
優郁	ゆい,ゆうか
優音	ゆうね,ゆうの,ゆずゆ,ゆな,ゆのん,ゆらら
優佳	ひろか,ゆうか,ゆか
優加	ゆうか,ゆか
優夏	ひろか,ゆうか,ゆうな,ゆか,ゆな
優果	ひろか,ゆうか,ゆか
優架	ゆうか,ゆか
優歌	ゆうか,ゆか
優珂	ふうか,ゆうか,ゆか
優禾	ゆうか,ゆか
優花	ここは,ひろか,ゆうか,ゆうな,ゆか,ゆな,ゆのか
優華	ゆうか,ゆうな,ゆうは,ゆか
優嘩	ゆうか,ゆか
優叶	ひろか,ゆうか,ゆか
優希	ゆうの,ゆの
優希花	ゆきか,ゆきは
優圭	ゆうか,ゆか
優恵	まさえ,ゆえ
優結	まゆ,ゆい,ゆうゆ,ゆゆ
優月	うづき,ゆうな,ゆつき,ゆづき,ゆな
優見	ゆうみ,ゆみ
優江	ひろえ,ゆえ
優香	ゆうか,ゆか
優沙	ゆさ,ゆずな
優彩	まや,ゆい,ゆうあ,ゆさ
優菜	ひろな,まさな,ゆうな,ゆな
優咲	うさき,ゆうみ,ゆえ,ゆさ,ゆら
優子	いちご,まさこ,ゆうこ
優枝	ひろえ,まさえ
優七	ゆうな,ゆな
優実	ゆうみ,ゆみ
優珠華	ゆずか,ゆずは
優渚	ゆうな,ゆな
優笑	にこ,やえ,ゆえ,ゆら
優心	にこ,ねね,ゆうこ,ゆうな,ゆうみ,ゆみ,るの
優深	ゆうみ,ゆみ
優成	ゆうな,ゆな
優生伽	ゆいか,ゆうか
優生子	ゆいこ,ゆきこ
優奏	ゆうか,ゆか,ゆかな,ゆな
優奈	ひろな,まさな,ゆいな,ゆうな,ゆな
優那	ひろな,まさな,ゆうな,ゆな
優凪	ゆうな,ゆな
優捺	ゆうな,ゆな
優南	ゆうな,ゆな
優乃	うの,ひろな,ひろの,ゆうな,ゆうの,ゆの
優埜	ゆの,ゆや
優波	ゆうな,ゆうは,ゆな
優姫	ひめ,ゆい
優姫奈	ゆきな,ゆめな
優風	ゆうか,ゆか
優望	ゆの,ゆみ
優満	ゆま,ゆみ
優未	ゆうみ,ゆみ
優魅	ゆうみ,ゆみ
優巳	ゆうみ,ゆみ
優夢	ゆうあ,ゆうゆ
優名	ゆうな,ゆな
優耶	さや,ゆか,ゆや
優野	ゆうの,ゆの
優弥	ゆうみ,ゆみ,ゆや
優唯	うい,ゆい,ゆうゆ
優唯華	ういか,ゆいか
優有	ゆうあ,ゆゆ
優由	ゆうゆ,ゆゆ
優夕	ゆうゆ,ゆゆ
優来	ゆうな,ゆな,ゆら,ゆらら
優蘭	うらん,ゆうか,ゆか,ゆら
優梨夏	ゆりか,ゆりな
優麗	ゆら,ゆらら,ゆり
優來	ゆうな,ゆな,ゆら
優梛	ゆうな,ゆな
優絆	ひろな,ゆうな
優翔	ゆうか,ゆか
勇佳	ゆうか,ゆか
勇華	ゆうか,ゆか
勇子	ゆうこ,ようこ
勇奈	ゆうな,ゆな
勇南	ゆうな,ゆな
友愛	ともえ,ともみ,ゆい,ゆうあ,ゆうな,ゆえ,ゆら
友葵子	ゆきこ,ゆきみ
友衣	ゆい,ゆえ
友郁	ともか,ゆうか,ゆか
友一	ともか,ゆうか,ゆか
友瑛	ともえ,ゆえ
友音	ともね,ゆうね,ゆの
友伽	ともか,ゆか
友佳	ともか,ゆうか,ゆか
友加	ともか,ゆうか,ゆか
友嘉	ともか,ゆうか,ゆか
友夏	ともか,ゆうか,ゆうな,ゆか
友果	ともか,ゆうか,ゆか
友架	ともか,ゆうか,ゆか
友歌	ともか,ゆうか,ゆか
友珂	ともか,ゆうか,ゆか
友禾	ゆうか,ゆか
友花	ともか,ともは,ゆうか,ゆか
友華	ともか,ゆうか,ゆか
友嘩	ともか,ゆうか,ゆか
友賀	ゆうか,ゆか
友海	ともみ,ゆうみ,ゆか,ゆみ
友紀音	ゆきね,ゆきの
友結	ゆい,ゆうゆ,ゆゆ
友見	ともみ,ゆうみ,ゆみ
友香	ともか,ひろか,ゆうか,ゆか
友彩	ゆい,ゆうあ,ゆさ
友菜	ともな,ゆうな,ゆな
友咲	ともえ,ゆさ,ゆら
友子	ともこ,ゆうこ
友実	ともみ,ゆうみ,ゆみ
友珠	ともみ,ゆみ
友渚	ゆうな,ゆな
友心	ともこ,ともみ,ゆみ
友成	ゆうな,ゆな
友奏	ともか,ゆうか,ゆかな
友奈	ともな,ゆうな,ゆな
友那	ともな,ゆうな,ゆな
友凪	ゆうな,ゆな
友捺	ゆうな,ゆな
友南	ともな,ゆうな,ゆな
友乃	ともの,ゆうの,ゆの
友美	ともみ,ゆうみ,ゆみ
友楓	ともか,ゆうか
友望	ともみ,ゆうみ,ゆの,ゆみ
友麻	ゆうあ,ゆま
友未	ともみ,ゆみ
友唯	ゆい,ゆうゆ
友葉	ともは,ともよ,ゆうは
友梨夏	ゆりか,ゆりな
友理夏	ゆりか,ゆりな
友里愛	ゆりあ,ゆりな
友惠	ともえ,ゆえ
友凜	ゆり,ゆりん
宥佳	ひろか,ゆうか,ゆか
宥加	ひろか,ゆうか,ゆか
宥花	ひろか,ゆうか,ゆか
宥華	ひろか,ゆうか,ゆか
宥慧	ひろえ,ゆえ
宥香	ひろか,ゆうか,ゆか
宥菜	ひろな,ゆうな
宥子	ひろこ,ゆうこ
宥実	ゆうみ,ゆみ
宥心	ゆうみ,ゆみ
宥奈	ひろな,ゆうな,ゆな
宥那	ひろな,ゆうな,ゆな
宥凪	ひろな,ゆうな
宥南	ひろな,ゆうな
宥乃	ひろの,ゆうの,ゆの
宥美	ゆうみ,ゆみ
宥未	ゆうみ,ゆみ
幽美	かすみ,ゆうみ
悠亜	はるあ,ゆうあ
悠愛	はるあ,ゆあら,ゆうあ,ゆうな,ゆのあ,ゆま
悠葵	はるあ,ひまり,ゆうあ
悠郁	ゆい,ゆうか,ゆか
悠永	ひさえ,ゆえ,ゆな
悠音	はるね,ゆうね
悠果	ゆうか,ゆか
悠架	ゆうか,ゆか
悠歌	のどか,ゆうか
悠花	はるな,ゆうか,ゆうな,ゆか
悠嘩	ゆうか,ゆか
悠絵	はるえ,ひさえ,ゆえ
悠樺	ゆうか,ゆか
悠希	ゆうみ,ゆま
悠月	はづき,ゆつき,ゆづき
悠江	ひさえ,ゆえ
悠香	ゆうか,ゆうこ,ゆか
悠菜	はな,はるな,ひさな,ゆうな,ゆな
悠咲	はるえ,ゆさ,ゆら
悠子	はるこ,ひさこ,ゆうこ
悠七	はるな,ゆうな,ゆな
悠実	ゆうみ,ゆみ
悠心	ゆうみ,ゆみ
悠代	はるよ,ひさよ
悠奈	はるな,ゆうな,ゆな
悠那	はな,はるな,ゆうな,ゆな
悠凪	はるな,ゆうな,ゆな
悠南	ゆうな,ゆな
悠寧	はるね,ゆうね
悠乃	ちかの,はるの,ひさの,ゆうの,ゆの,ゆのん
悠埜	はるの,ゆの
悠波	はるな,ゆうな
悠美	ゆうみ,ゆみ
悠望	はるの,ゆうみ,ゆの,ゆみ
悠未	ゆうみ,ゆみ
悠名	はるな,ゆうな,ゆな
悠野	ちかの,はるの
悠弥	ゆうみ,ゆみ
悠唯	ゆい,ゆうゆ
悠由	ゆうゆ,ゆゆ
悠来	ゆな,ゆら
悠蘭	ゆうか,ゆら
悠和	ひさな,ゆうな,ゆな
悠來	ゆな,ゆら
悠惠	はるえ,ひさえ
悠梛	はるな,ゆうな,ゆな
憂依	うい,ゆい
憂衣	うい,ゆい
憂果	ういか,ゆうか
憂花	ういか,ゆうか
憂月	ゆづき,ゆな
憂乃	うの,ゆうの,ゆの
有亜	ありあ,ゆうあ
有愛	ありあ,ありな,うい,もあ,ゆうあ,ゆかな
有杏	ありあ,ありか
有以子	あいね,ゆいこ
有依	うい,ゆい
有惟	うい,ゆい
有衣	うい,ゆい
有衣子	あいこ,ゆいこ
有瑛	ともえ,ゆえ
有伽	ともか,ゆうか,ゆか
有佳	ありか,ゆうか,ゆか
有佳梨	あかり,ゆかり
有佳理	あかり,ゆかり
有佳里	あかり,ゆかり
有佳莉	あかり,ゆかり
有加	ありか,ゆうか,ゆか
有加利	あかり,ゆかり
有加里	あかり,ゆかり
有可	ありか,ゆか
有夏	ありか,ゆうか,ゆか,ゆな
有果	ありか,ゆか
有架	ゆうか,ゆか
有架莉	あかり,ゆかり
有珂	ともか,ゆうか,ゆか
有花	ありか,ともか,ゆうか,ゆか
有花里	あかり,ゆかり
有花莉	あかり,ゆかり
有華	ありか,ゆうか,ゆうは,ゆか
有嘩	ありか,ゆうか,ゆか
有海	あみ,ありか,ありみ,ゆうみ,ゆみ,りみ
有叶	ありか,ゆか
有観	あみ,ありみ
有希子	あきこ,ゆきこ
有希乃	あきの,ゆきの
有季子	あきこ,ゆきこ
有稀帆	あきほ,ゆきほ
有紀音	ゆきね,ゆきの
有紀子	あきこ,ゆきこ
有記子	あきこ,ゆきこ
有貴子	あきこ,ゆきこ
有輝子	あきこ,ゆきこ
有恵	ともえ,ゆえ
有月	うづき,ゆづき
有見	あみ,ありみ,ゆみ
有瑚	あこ,ゆうこ
有香	ありか,すみか,ゆうか,ゆか
有香梨	あかり,ゆかり
有香里	あかり,ゆかり
有沙	あずな,ありさ,ありす,ゆうな,ゆさ
有彩	ありあ,ありさ,ゆい,ゆうあ
有菜	ありな,あるな,ゆうな,ゆな
有咲	あみ,ありさ,ゆうみ,ゆさ,ゆみ,ゆら
有子	あこ,ありす,なおこ,ゆうこ
有実	あみ,ありみ,なおみ,ゆうみ,ゆみ
有紗	ありさ,ゆさ
有珠	あみ,ありす
有純	あすみ,あずみ,ゆずみ
有抄	ありさ,ありす
有澄	あすみ,ありす
有生	うい,なおみ,ゆい,ゆみ
有生子	ゆいこ,ゆうこ
有奈	ありな,あるな,ゆうな,ゆな
有那	ありな,あるな,ゆうな,ゆな
有南	ありな,ゆうな,ゆな
有乃	うの,ゆうの,ゆの
有納	あるな,ゆうな,ゆな
有美	あみ,ありみ,なおみ,ゆうみ,ゆみ
有望	あみ,ゆみ
有未	あみ,ありみ,ともみ,ゆうみ,ゆみ
有名	ありな,ゆうな
有弥	あみ,ゆうみ,ゆみ
有弥夏	あやな,ゆみか
有優	あやさ,ゆうゆ
有来	あこ,ありな,ゆら
有理亜	ありあ,ゆりあ
有里亜	ありあ,ゆりあ
有里花	ありな,ゆりか
有里彩	ありさ,ゆりあ
有鈴	ありす,ありん
有和	ゆうな,ゆな
有梛	ゆうな,ゆな
有莉奈	ありな,ゆりな
柚愛	ゆうあ,ゆずな,ゆら
柚郁	ゆか,ゆずか
柚榎	ゆか,ゆずか
柚音	ゆうね,ゆずね,ゆずの,ゆの,ゆのん,ゆら
柚伽	ゆか,ゆずか
柚佳	ゆうか,ゆか,ゆずか
柚加	ゆうか,ゆずか
柚嘉	ゆうか,ゆか,ゆずか
柚夏	ゆうか,ゆか,ゆずか,ゆずな,ゆな
柚果	ゆうか,ゆか,ゆずか,ゆずは
柚架	ゆうか,ゆか,ゆずか
柚歌	ゆうか,ゆか,ゆずか
柚珂	ゆか,ゆずか
柚禾	ゆいね,ゆうか,ゆか,ゆずか,ゆの
柚花	ゆうか,ゆうは,ゆか,ゆずか,ゆずな,ゆずは,ゆのか
柚華	ゆうは,ゆか,ゆずか,ゆずは
柚海	ゆうみ,ゆずみ
柚叶	ゆかな,ゆずか,ゆの
柚圭	ゆか,ゆずか
柚結	ゆずゆ,ゆゆ
柚香	ゆうか,ゆうこ,ゆか,ゆずか,ゆのか
柚彩	ゆい,ゆさ
柚菜	ゆうな,ゆずな,ゆな
柚咲	ゆえ,ゆさ,ゆら
柚子花	ゆずか,ゆずは
柚七	ゆずな,ゆな
柚実	ゆうみ,ゆずみ,ゆま,ゆみ
柚渚	ゆずな,ゆな
柚心	ゆずみ,ゆみ
柚水	ゆずな,ゆな,ゆみ
柚奏	ゆかな,ゆずか
柚奈	ゆうな,ゆずな,ゆづな,ゆな
柚那	ゆうな,ゆずな,ゆな
柚凪	ゆうな,ゆずな,ゆな
柚捺	ゆうな,ゆずな
柚南	ゆうな,ゆずな,ゆな
柚乃	ゆうの,ゆずね,ゆずの,ゆの,ゆのん
柚巴	ゆうは,ゆずは
柚波	ゆうな,ゆうは,ゆずな,ゆずは,ゆな
柚芭	ゆうは,ゆずは,ゆづは
柚帆	ゆずは,ゆずほ,ゆほ
柚美	ゆずみ,ゆみ
柚穂	ゆずほ,ゆほ
柚望	ゆの,ゆみ
柚未	ゆずみ,ゆみ
柚名	ゆうな,ゆずな,ゆな
柚野	ゆずの,ゆの
柚癒	ゆずゆ,ゆゆ
柚唯	ゆい,ゆずゆ,ゆゆ
柚佑	ゆずゆ,ゆゆ
柚優	ゆずゆ,ゆゆ
柚由	ゆずゆ,ゆゆ
柚祐	ゆずゆ,ゆゆ
柚葉	ゆうは,ゆずは,ゆづは,ゆのは
柚蘭	ゆか,ゆら
柚梨	ゆうな,ゆり,ゆりん
柚和	ゆうな,ゆずか,ゆずな,ゆな
柚梛	ゆうな,ゆずな,ゆな
柚凜	ゆり,ゆりん
由愛	ゆいあ,ゆうあ,ゆうな,ゆえ,ゆな,ゆま,ゆら,よしえ
由以子	ゆいこ,ゆいね
由依	ゆい,ゆえ
由衣	ゆい,ゆえ,よしえ
由一	ゆうか,ゆか
由音	ゆうね,ゆのん,よしの
由佳	ゆいか,ゆうか,ゆか,よしか
由夏	ゆいか,ゆいな,ゆうか,ゆうな,ゆか,ゆな,よしか
由果	ゆうか,ゆか
由架	ゆうか,ゆか
由歌	ゆうか,ゆか
由禾	ゆいか,ゆいね,ゆか
由花	ゆいか,ゆうか,ゆか,ゆかり
由華	ゆいか,ゆうか,ゆか,よしか
由嘩	ゆうか,ゆか,よしか
由海	ゆうみ,ゆみ,よしみ
由絵	ゆえ,よしえ
由椛	ゆいか,ゆうか,ゆか
由希子	ゆきこ,ゆきね
由恵	ゆえ,ゆきえ,よしえ
由結	ゆい,ゆゆ
由月	ゆつき,ゆづき
由江	ゆえ,よしえ
由香	ゆいか,ゆうか,ゆか,よしか
由彩	ゆい,ゆうあ,ゆさ
由菜	ゆいな,ゆうな,ゆきな,ゆな,よしな
由咲	ゆさ,ゆら
由子	ゆいこ,ゆうこ,ゆきこ,よしこ,よりこ
由枝	ゆえ,よしえ
由実	ゆみ,よしみ
由珠	ゆみ,よしみ
由渚	ゆいな,ゆうな,ゆな
由緒子	ゆいこ,ゆうこ
由暖	ゆいの,ゆの,ゆのん
由奈	ゆいな,ゆうな,ゆきな,ゆな
由那	ゆいな,ゆうな,ゆな
由凪	ゆいな,ゆうな,ゆな
由捺	ゆうな,ゆきな,ゆな
由乃	ゆいの,ゆうの,ゆきの,ゆの,よしの
由埜	ゆきの,ゆの
由波	ゆいは,ゆうな,ゆな
由帆	ゆきほ,ゆほ
由美	ゆいみ,ゆみ,よしみ
由美花	みゆか,ゆみか
由姫子	ゆきこ,ゆきね
由望	ゆの,ゆみ
由麻	ゆうあ,ゆま
由未	ゆうみ,ゆみ
由名	ゆうな,ゆきな,ゆな
由野	ゆきの,ゆの,よしの
由蘭	ゆうか,ゆら
由梨	ゆいり,ゆり,ゆりん
由梨夏	ゆりか,ゆりな
由麗	ゆら,ゆり
由和	ゆうか,ゆうな,ゆか,ゆな
由來	ゆな,ゆら
由凛	ゆいり,ゆり,ゆりん
由栞	ゆいか,ゆな
由梛	ゆいな,ゆうな,ゆな
由翔	ゆいか,ゆか
由凜	ゆり,ゆりん
祐伽	ゆうか,ゆか
祐佳	ひろか,ゆうか,ゆか
祐加	ゆうか,ゆか
祐夏	ちなつ,ひろな,ゆうか,ゆか
祐果	ゆうか,ゆか
祐歌	ゆうか,ゆか
祐珂	ゆうか,ゆか
祐花	ちはな,ゆうか,ゆか
祐華	ひろか,ゆうか,ゆか
祐海	ゆうみ,ゆみ
祐圭	ゆうか,ゆか
祐恵	さちえ,ゆえ
祐月	ゆつき,ゆづき
祐香	ゆうか,ゆか
祐菜	さちな,ひろな,ゆうな,ゆな
祐子	さちこ,ひろこ,まさこ,ゆうこ
祐実	ゆうみ,ゆみ
祐生	ちなり,ゆい
祐奏	ひろか,ゆうか
祐奈	ちな,ひろな,ゆうな,ゆな
祐那	ひろな,ゆうな,ゆな
祐凪	ひろな,ゆうな,ゆな
祐南	ちなみ,ひろな,ゆうな,ゆな
祐乃	さちの,ゆうの,ゆの
祐美	ゆうみ,ゆみ
祐弥	ゆうみ,ゆみ
祐梛	ゆうな,ゆな
裕愛	ゆうあ,ゆりあ
裕衣	ゆい,ゆえ
裕佳	ひろか,ゆうか,ゆか
裕加	ゆうか,ゆか
裕夏	ゆうか,ゆか
裕果	ひろか,ゆか
裕架	ゆうか,ゆか
裕珂	ゆうか,ゆか
裕禾	ひろか,ゆうか
裕花	ひろか,ゆうか,ゆか
裕華	ゆうか,ゆか
裕賀	ゆうか,ゆか
裕絵	ひろえ,ゆえ
裕叶	ゆか,ゆかな
裕恵	ひろえ,やすえ
裕月	ゆつき,ゆづき
裕香	ひろか,ゆうか,ゆか
裕菜	ひろな,ゆうな,ゆな
裕子	ひろこ,やすこ,ゆうこ
裕生	ひろは,ゆい
裕代	ひろよ,やすよ
裕奈	ひろな,ゆうな,ゆな
裕那	ひろな,ゆうな,ゆな
裕南	ひろな,ゆうな
裕乃	ひろの,ゆうの,ゆの
裕名	ひろな,ゆうな
裕耶	ゆうか,ゆか
裕野	ひろの,ゆうの
裕葉	ひろは,ゆうは
裕梛	ひろな,ゆうな
遊月	ゆつき,ゆづき
遊菜	ゆうな,ゆな
遊奈	ゆうな,ゆな
遊南	ゆうな,ゆうみ
遊美	ゆうみ,ゆみ
遊由	ゆうゆ,ゆゆ
邑香	すみか,ゆうか
邑奈	ゆうな,ゆな
邑美	さとみ,ゆうみ
雄華	のりか,ゆうか
夕愛	ゆい,ゆうあ,ゆうな,ゆな,ゆら
夕映	ゆうは,ゆえ
夕佳	ゆうか,ゆか
夕夏	ゆうか,ゆうな,ゆか,ゆな
夕歌	ゆうか,ゆか
夕珂	ゆうか,ゆか
夕花	ゆうか,ゆか
夕華	ゆうか,ゆか
夕霞	ゆうか,ゆか
夕海	ゆうか,ゆうみ,ゆか,ゆみ
夕椛	ゆうか,ゆか
夕月	ゆつき,ゆづき
夕湖	ゆうこ,ゆうみ
夕香	ゆうか,ゆか
夕菜	ゆうな,ゆな
夕七	ゆうな,ゆな
夕実	ゆうみ,ゆみ
夕渚	ゆうな,ゆな
夕暖	ゆの,ゆのん
夕奈	ゆうな,ゆな
夕那	ゆうな,ゆな
夕凪	ゆうな,ゆな
夕楠	ゆうな,ゆな
夕乃	ゆうの,ゆの
夕之	ゆうの,ゆの
夕波	ゆうな,ゆうは,ゆな
夕美	ゆうみ,ゆみ
夕優	ゆうゆ,ゆゆ
夕梛	ゆうな,ゆな
誉果	よしか,らら
誉美	えいみ,よしみ
幼子	ようこ,わかこ
容子	ひろこ,やすこ,ようこ
庸子	のぶこ,のりこ,やすこ,ようこ
揺子	ゆりこ,ようこ
洋佳	ひろか,ようか
洋加	ひろか,ようか
洋夏	ひろか,ようか
洋花	ひろか,ようか
洋香	ひろか,ようか
洋子	なみこ,ひろこ,みこ,ようこ
耀子	あきこ,てるこ,ようこ
耀代	あきよ,てるよ
葉夏	はな,ようか
葉花	はな,ようか
葉湖	はこ,ようこ
葉胡	はこ,ようこ
葉瑚	はこ,ようこ
葉子	はこ,ようこ
葉純	はすみ,はずみ
葉澄	はすみ,はずみ
葉津葵	はずき,はづき
葉南	はな,はなみ
蓉佳	ゆうか,ようか
蓉子	ゆうこ,ようこ
要子	かなこ,としこ,ようこ
謡子	うたこ,ようこ
遥音	かのん,はのん,はるね
遥瑚	はるこ,ようこ
遥菜	はな,はるな
遥子	はるこ,ようこ
遥那	はな,はるな
遥望	はのん,はるの
遥琉	はるる,みちる
遥瑠	はるる,みちる
遥恋	すみれ,はるこ
遥絆	はな,るな
陽愛	はるあ,はるな,ひいな,ひめ,ひより
陽愛乃	ひなの,ひめの
陽音	あきね,はるね,はるの,ひなの
陽佳	ひよ,ひろか,ようか
陽珂	ほのか,ようか
陽花	ほのか,ようか
陽恵	あきえ,はるえ,やえ
陽月葉	よつは,よつば
陽瑚	ひなこ,ようこ
陽江	あきえ,はるえ
陽彩	はるあ,ひいろ,ひさえ
陽菜	はな,はるな,ゆうな
陽菜心	ひなこ,ひなみ
陽桜里	ひおり,ひより
陽子	はるこ,ひなこ,ようこ
陽七	はるな,ひなの
陽七海	ひなの,ひなみ
陽周	ひまり,ひまわり
陽笑	はるえ,やえ
陽代	あきよ,てるよ,はるよ,ひよ,ひより
陽奈望	ひなの,ひなみ
陽捺	はな,はるな,ひなつ
陽南	はるな,ひなみ
陽乃	あきの,たかの,はるの,ひなの,ひの
陽埜	はるの,ひの
陽波	はるな,ひなみ
陽帆	あきほ,はるほ
陽碧	はるあ,ひなみ
陽歩	あきほ,はるほ,ひなほ,ひなみ
陽穂	あきほ,はるほ,ひすい,ひなほ
陽望	はるの,ひなの,ひなみ,ひみ
陽未	ひなみ,ひみ
陽野	はるの,ひの
陽予	ひよ,ようこ
陽与	はるよ,ひよ
陽葉	あきは,てるは,はるよ,ひよ
陽葉里	ひばり,ひより
陽葉莉	ひばり,ひより
陽梨	あかり,ひまり
陽良凛	ひより,ひらり
陽和	はるな,ひより
陽和子	ひなこ,ひわこ
陽莉	あかり,ひまり,ひより
羅奈	らな,るな
羅舞	らぶ,らむ
来々	きき,らら
来夏	こなつ,らいな,らな
来菜	らいな,らな
来咲	きさ,のあん
来桜	このか,らら
来実	くみ,このか
来渚	らいな,らな
来奈	らいな,らな
来那	らいな,らな
来美	きみ,くみ
来悠	このか,なゆ
来麗	うらら,このか
頼菜	らいな,らな
頼那	らいな,らな
藍愛	あいか,あいな,あいら
藍佳	あいか,らんか
藍夏	あいか,らんか
藍果	あいか,あいは
藍歌	あいか,らんか
藍花	あいか,らんか
藍茄	あいか,あいな
藍華	あいか,あいは,らんか
藍椛	あいか,らんか
藍湖	あいこ,あこ
藍香	あいか,らんか
藍沙	あいさ,あすな
藍菜	あいな,らな
藍子	あいこ,あこ,あゆこ,らんこ
藍七	あいな,らんな
藍実	あいみ,つぐみ
藍紗	あいさ,あいしゃ
藍奈	あいな,らんな
藍那	あいな,らんな
藍乃	あいの,らんの
藍波	あいな,あいみ
藍美	あいみ,あみ
藍碧	あいは,あいり
藍未	あいみ,あみ
藍来	あいな,あいら
藍蘭	あいら,らんか
藍梨	あいな,あいり
藍來	あいな,あいら
藍凜	あいり,あいりん
蘭夏	らな,らんか
蘭叶	らな,らんか
蘭香	らんか,らんこ
蘭菜	らな,らんな
蘭子	かこ,らんこ
蘭七	らな,らんな
蘭奈	らな,らんな
蘭那	らな,らんな
蘭乃	かの,らんな,らんの
蘭舞	らぶ,らむ
蘭梨	かりん,らんな
蘭恋	かれん,らんこ
利々	きき,りり
利愛菜	りあな,りおな
利衣	りい,りえ
利絵	としえ,りえ
利恵	としえ,りえ
利湖	きこ,りこ
利江	としえ,のりえ,りえ
利彩	りさ,りさえ
利子	としこ,りこ
利枝	としえ,りえ
利世	りせ,りよ
利星	りせ,りほ
利帆	きほ,りほ
利梨	りな,りり
吏恵	のりえ,りえ
吏香	りか,りこ
吏子	ふみこ,りこ
吏世	りせ,りよ
吏美	さとみ,りみ
吏里	さとり,りり
李愛奈	りあな,りおな
李依	いより,りい,りえ,りよ
李衣	りい,りえ
李羽	ももは,りう,りわ
李佳	ももか,りか
李夏	ももか,りか
李果	ももか,りか
李花	もか,ももか,りか
李華	ももか,りか
李海	ももみ,りか,りみ
李椛	ももか,りか
李恵	ももえ,りえ
李胡	きこ,ももこ,りこ
李鼓	ももこ,りこ
李瑚	ももこ,りこ
李香	ももか,りか,りこ
李菜	ももな,りな
李子	ももこ,りこ
李心	ももみ,りこ,りみ
李奈	ももな,りいな,りな
李那	ももな,りな
李凪	ももな,りな
李南	ももな,りな
李名	ももな,りな
李来	りこ,りら
李里	りさ,りり
李來	りこ,りら
梨々子	ななこ,りりこ
梨愛	りい,りのあ,りりあ
梨愛菜	りあな,りおな
梨愛奈	りあな,りおな
梨愛南	りあな,りおな
梨依	りい,りえ
梨衣	りい,りえ,りこ
梨衣子	りいこ,りえこ
梨羽	りう,りわ
梨永	りえ,りな
梨佳	りか,りんか
梨加	りか,りんか
梨可	りか,りんか
梨夏	りか,りな,りんか
梨果	りか,りんか
梨歌	りか,りのか,りんか
梨禾	りか,りんか
梨花	りいな,りか,りっか,りんか
梨華	りか,りんか
梨嘩	りか,りんか
梨海	りみ,りんか
梨叶	りか,りんか
梨湖	なこ,りこ
梨香	りか,りこ,りんか
梨彩	りさ,りさえ
梨菜	りな,りんな
梨冴	りこ,りさえ
梨咲	りさ,りみ
梨仔	りこ,りんこ
梨子	りこ,りんこ,りんご
梨渚	りな,りんな
梨心	りこ,りみ,りんこ
梨世	りせ,りよ
梨星	りせ,りほ
梨生奈	りいな,りおな
梨奈	らな,りいな,りな,りんな
梨那	りな,りんな
梨凪	りな,りんな
梨南	りな,りんな
梨寧	りね,りんね
梨乃	りな,りの,りんの
梨舞	りぶ,りま
梨楓	りか,りんか
梨歩	りぶ,りほ
梨未	りま,りみ
梨来	りこ,りな,りら
梨鈴	りすず,りり
梨恋	りこ,りんこ
梨和	りか,りな,りわ
梨來	りこ,りら
理愛奈	りあな,りおな
理依	りい,りえ
理衣	りい,りえ
理衣子	りいこ,りえこ
理羽	りう,りわ
理永	まさえ,りえ,りな
理佳	あやか,さとか,りか,りよ
理加	あやか,りか
理夏	あやか,みちか,りか
理架	みちか,りか
理花	あやか,ことは,みちか,りか
理海	りか,りっか,りみ
理絵	さえ,よしえ,りえ
理叶	ことか,りか
理恵	さえ,よしえ,りえ
理江	さえ,まさえ,りえ
理香	みちか,りか
理彩	りさ,りさえ
理冴	ことこ,りこ,りさ,りさえ
理桜子	りおこ,りさこ
理子	あやこ,さとこ,のりこ,まさこ,みちこ,もとこ,りこ
理実	さとみ,りみ
理心	あやみ,りこ,りみ
理世	あやせ,みちよ,りせ,りよ
理奏	りか,りな
理代	まさよ,みちよ,りよ
理那	あやな,りいな,りな
理寧	あやね,りね
理乃	あやの,ことの,さとの,りの
理舞	りぶ,りま
理保子	りおこ,りほこ
理歩	りぶ,りほ
理穂子	りおこ,りほこ
理未	あやみ,さとみ,りみ
理野	さとの,りの
理葉	ことは,さとは,りよ
理来	りこ,りら
理梨	りな,りり
理璃	あやり,りり
理瑠	みちる,りる
理和	りな,りわ
理和子	りかこ,りわこ
理來	りこ,りな
理莉	さとり,りり
璃愛菜	りあな,りおな
璃依	りい,りえ
璃依子	りいこ,りえこ
璃衣	りい,りえ
璃衣子	りいこ,りえこ
璃衣那	りいな,りえな
璃羽	あきは,りう,りわ
璃音那	りおな,りんな
璃佳	りか,りよ
璃夏	りか,りっか,りな
璃花	りか,りっか
璃華	あきか,りか
璃海	りっか,りみ
璃己	りこ,りみ
璃瑚	あきこ,りこ
璃香	あきか,りか,りこ
璃咲	りさ,りら
璃子	あきこ,りこ,りね
璃心	りこ,りみ
璃世	りせ,りよ
璃代	あきよ,りよ
璃奈	りな,りりな
璃乃	あきの,りの
璃帆	あきほ,りほ
璃美	りみ,りよ
璃舞	りぶ,りま
璃朋	あきほ,りほ
璃来	りこ,りら
璃來	りこ,りら
璃莉	りり,りりい
璃莉愛	りりあ,りりな
里愛	さとえ,りえ
里依	さとえ,りい,りえ,りよ
里依南	りいな,りえな
里衣	さとえ,りい,りえ
里衣子	りいこ,りえこ
里羽	さとは,りう,りこ,りわ
里映	さとえ,りえ
里栄	さとえ,りえ
里永	りえ,りな
里佳	さとか,りか
里嘉	さとか,りか
里夏	さとか,りか
里果	さとか,りか
里歌	さとか,りか
里花	さとか,りか,りな
里華	さとか,りか
里霞	さとか,りか
里海	さとみ,りみ
里絵	さとえ,りえ
里圭	のりか,りか
里恵	さとえ,りえ
里湖	さとこ,りこ
里瑚	さとこ,りこ
里江	さとえ,りえ
里香	さとか,りか
里彩	りさ,りさえ
里菜	さとな,りな
里冴	りさ,りさえ
里咲	りえ,りさ
里桜子	りおこ,りさこ
里子	さとこ,りこ
里枝	さとえ,りえ
里実	さとみ,りみ
里深	さとみ,りみ
里水	さとみ,りみ
里世	りせ,りよ
里奈	さとな,りな
里南	さとな,りな
里乃	さとの,りの
里帆	さとほ,りほ
里美	さとみ,りみ
里舞	りぶ,りま
里歩	さとほ,りぶ,りほ
里穂	さとほ,りほ
里峰	りほ,りみ
里朋	さとほ,りほ
里望	さとみ,りみ
里巳	さとみ,りみ
里野	さとの,りの
里葉	さとは,りよ
里吏	さとり,りり
里梨	さとり,りな,りり
里莉	さとり,りり
陸子	あつこ,みちこ
律羽	おとは,りう
律佳	おとか,りっか
律禾	おとか,りっか
律花	おとか,おとは,のりか,りっか
律華	おとは,のりか,りっか
律香	のりか,りっか
律子	りこ,りつこ
立花子	たかこ,りかこ
立子	たつこ,りつこ
流菜	はるな,るうな,るな
流奈	はるな,るな
流那	はるな,りゅうな,るな
流名	はるな,るな
流璃	るうり,るり
琉月	るうな,るな,るる,るるな
琉菜	りゅうな,るうな,るな
琉心	りこ,りね
琉成	りゅうな,るな
琉奈	りゅうな,るな
琉凪	りな,るな
琉姫	るうあ,るな
琉名	りゅうな,るな
琉璃	ゆり,るり
竜花	りゅうか,りょうか
竜子	たつこ,りょうこ
龍子	たつこ,りょうこ
侶子	くみこ,ともこ
亮加	あきか,りょうか
亮夏	あきか,りょうか
亮花	あきか,りょうか
亮香	あきか,ひさこ,りょうか
亮子	あきこ,きょうこ,ひさこ,ふさこ,ゆきこ,りょうこ
亮美	あきみ,あけみ,よしみ
僚子	ともこ,りょうこ
涼愛	すずな,りな,りのあ
涼榎	すずか,りょうか
涼佳	すずか,りょうか
涼加	すずか,りょうか
涼夏	きよか,すずか,すずな,りょうか
涼果	すずか,すずは,りょうか
涼架	すずか,りょうか
涼歌	すずか,りょうか
涼禾	すずか,りょうか
涼花	すずか,すずは,りょうか
涼華	すずか,すずは,りか,りょうか
涼海	すずか,すずみ
涼叶	すずか,りょうか
涼樺	すずか,りょうか
涼香	さやか,すずか,りょうか,りょうこ
涼菜	すずな,りょうな
涼子	すずこ,すずね,りょうこ
涼七	すずな,りょうな
涼珠	すず,すずみ
涼心	すずこ,すずみ,りょうこ
涼奈	すずな,りょうな
涼那	すずな,りょうな
涼乃	さやの,すずの,りの
涼波	すずは,りょうな
涼帆	すずは,すずほ
涼楓	すずか,りょうか
涼未	あつみ,すずみ
涼名	すずな,りょうな
涼蘭	すずか,りょうか
涼良	きよら,れいら
良佳	みか,よしか,りょうか
良夏	よしか,りょうか
良歌	みか,よしか,りょうか
良花	よしか,りょうか
良華	よしか,りょうか
良恵	かずえ,よしえ
良香	よしか,りょうか
良菜	よしな,らな,りょうな
良子	よしこ,りょうこ
良奈	よしな,らな,りょうな
良美	よしみ,らみ
良未	よしみ,らみ
良夢	いくむ,らむ
諒佳	あきか,りょうか
諒夏	あきか,りょうか
諒果	あきか,りょうか
諒歌	あきか,りょうか
諒花	みちか,りょうか
諒華	あきか,りょうか
諒恵	あきえ,まさえ
諒香	あきか,みちか,りょうか
諒子	あきこ,まさこ,りょうこ
諒美	あきみ,あさみ
遼子	はるこ,りょうこ
遼奈	はるな,りょうな
領子	りょうこ,れいこ
緑夏	のりか,りっか
緑莉	みどり,みれい
倫佳	ともか,みちか,りんか
倫加	ともか,みちか,りんか
倫架	みちか,りんか
倫歌	ともか,のりか,りんか
倫花	ともか,みちか,りんか
倫華	ともか,みちか,りんか
倫絵	ともえ,のりえ
倫叶	みちか,りんか
倫樺	みちか,りんか
倫恵	ともえ,みちえ
倫江	ともえ,みちえ
倫香	ともか,のりか,みちか,りんか
倫菜	ともな,りな,りんな
倫子	ともこ,のりこ,みちこ,りこ,りんこ
倫実	つぐみ,ともみ
倫心	つぐみ,のりこ
倫世	ともよ,みちよ,りんぜ
倫代	ともよ,みちよ
倫奈	ともな,りんな
倫乃	ともの,りの,りんの
倫美	つぐみ,ともみ,ひとみ
厘南	りな,りんな
林胡	りんこ,りんご
林香	りか,りんか
林子	りんこ,りんね
琳歌	りか,りんか
琳海	りみ,りんか
琳瑚	りこ,りんこ,りんご
琳子	りこ,りんこ
琳心	りこ,りんご
琳奈	りな,りんな
琳那	りな,りんな
琳乃	りの,りんの
琳名	りな,りんな
琳梨	りり,りんな
琳恋	りこ,りんこ
琳和	りんか,りんな
輪子	りんこ,わこ
輪世	りせ,りんぜ
輪奏	りんか,わかな
瑠音	るね,るの,るのん
瑠月	るる,るるか,るるな
瑠月奈	るうな,るるな
瑠菜	るいな,るな
瑠乃	りの,るな,るの
瑠璃花	るりか,るりは
瑠璃華	るりか,るりは
瑠璃子	りりこ,るりこ
瑠璃波	るりな,るりは
瑠里愛	るりあ,るりな
令亜	れあ,れいあ
令愛	れあ,れいあ
令夏	れいか,れいな
令華	よしか,りょうか,れいか
令彩	れあ,れいさ
令菜	はるな,りょうな,れいな,れな
令子	のりこ,はるこ,りょうこ,れいこ
令実	れいみ,れみ
令奈	はるな,れいな,れな
令那	れいな,れな
令美	れいみ,れみ
令梛	れいな,れな
伶亜	れあ,れいあ
伶愛	れあ,れいあ,れいな,れな
伶音	さとね,れいね,れいん,れね
伶夏	りょうか,れいか,れいな
伶果	りょうか,れいか
伶歌	れいか,れいら
伶華	りょうか,れいか
伶海	れいみ,れみ
伶香	りょうか,れいか
伶彩	れあ,れいあ
伶菜	れいな,れな
伶子	りょうこ,れいこ
伶七	れいな,れな
伶実	れいみ,れみ
伶珠	れいみ,れみ
伶成	れいな,れな
伶奈	れいな,れな
伶那	れいな,れな
伶凪	れいな,れな
伶南	れいな,れいみ,れな,れみ
伶波	れいは,れな
伶美	れいみ,れみ
伶望	れいみ,れみ
伶名	れいな,れな
伶明	れいあ,れみ
伶和	れいか,れいな
伶來	れいな,れいら
伶梛	れいな,れな
冷子	きよこ,すずこ,れいこ
励愛	れあ,れいあ
嶺音	ねね,れいね
嶺夏	れいか,れいな
嶺花	りょうか,れいか,れいな
嶺華	れいか,れんげ
嶺奈	れいな,れな
嶺那	れいな,れな
怜亜	れあ,れいあ
怜愛	れあ,れいあ,れいな
怜杏	れあん,れいあ
怜音	さとね,さとの,れいね,れいん,れね
怜佳	りょうか,れいか,れんか
怜加	さとか,りょうか,れいか
怜夏	れいか,れいな
怜果	さとか,りょうか,れいか,れんか
怜架	れいか,れんか
怜禾	さとか,りょうか,れいか,れんか
怜花	さとか,りょうか,れいか,れんか,れんげ
怜華	りょうか,れいか,れんか,れんげ
怜海	さとみ,れいみ,れみ,れんか
怜見	さとみ,れいみ,れみ
怜瑚	さとこ,れいこ
怜香	さとか,りょうか,れいか,れんか
怜菜	さとな,れいな,れな,れんな
怜咲	れいさ,れいら
怜子	さとこ,りょうこ,れいこ
怜七	れいな,れな,れんな
怜実	さとみ,れいみ,れみ
怜珠	さとみ,れいみ
怜成	れいな,れな,れんな
怜泉	れの,れみ
怜奈	さとな,れいな,れな,れんな
怜那	さとな,りょうな,れいな,れな,れんな
怜南	れいな,れな
怜乃	さとの,れの
怜波	れいは,れな
怜美	さとみ,れいみ,れみ
怜未	さとみ,れいみ,れみ
怜名	れいな,れな
怜弥	さとみ,れいみ,れみ
怜有	れあ,れな
怜葉	さとは,れいは
怜来	れいら,れな,れんな
怜蘭	れいか,れいら
怜里	さとり,れいり
怜麗	れいら,れいり
怜和	れいか,れいな
怜莉	さとり,れいり
玲亜	れあ,れいあ
玲阿	れあ,れいあ
玲愛	れあ,れいあ,れいな,れいら,れな
玲安	れあ,れいあ
玲杏	れあ,れあん,れいあ
玲依妙	れいさ,れいみ
玲永	れいな,れな
玲音	れいね,れいん,れね
玲夏	れいか,れいな,れな
玲果	りょうか,れいか
玲花	りょうか,れいか,れいな
玲海	たまみ,れいか,れいみ,れみ
玲叶	りこ,れいか
玲空	れあ,れいあ,れいら
玲香	りょうか,れいか,れいこ
玲沙	りさ,れいさ
玲彩	れあ,れいあ,れいさ
玲菜	れいな,れな
玲咲	れいさ,れいら
玲子	たまこ,りょうこ,れいこ,れいね
玲七	れいな,れな
玲実	たまみ,れいみ,れみ
玲渚	れいな,れな
玲心	れいみ,れみ
玲世	さちよ,たまよ
玲成	れいな,れな
玲生妙	れいさ,れいみ
玲奈	れいな,れな
玲那	れいな,れな
玲凪	れいな,れな
玲捺	れいな,れな
玲南	れいな,れな
玲寧	れいな,れな,れね
玲乃	たまの,れの
玲波	れいな,れいは,れな
玲美	たまみ,れいみ,れみ
玲文	れいあ,れもん
玲未	れいみ,れみ
玲名	れいな,れな
玲野	たまの,れの
玲弥	たまみ,れいみ,れみ
玲有	れあ,れいあ,れいな
玲来	れいな,れいら,れな,れら
玲蘭	りょうか,れいら
玲良	れいら,れみ,れら
玲麗	れいら,れいり
玲和	れいか,れいな,れな
玲來	れいな,れいら,れな
玲梛	れいな,れな
礼亜	れあ,れいあ
礼阿	れあ,れいあ
礼愛	あやな,あやめ,れあ,れいあ,れいな,れいら
礼安	れあ,れいあ
礼羽	あやは,れいは
礼音	あやね,れいね,れね
礼佳	あやか,りか,れいか
礼可	あやか,れいか
礼夏	あやか,れいか,れいな,れな
礼果	あやか,れいか
礼歌	あやか,れいか
礼禾	あやか,れいか
礼花	あやか,のりか,れいか
礼華	あやか,あやは,のりか,れいか
礼海	あやみ,れいみ,れみ
礼恵	あやえ,あやめ,ゆきえ
礼見	れいみ,れみ
礼香	あやか,れいか
礼彩	あやさ,れいあ,れいさ
礼菜	あやな,ゆきな,らいな,れいな,れな
礼咲	あやさ,れいさ
礼子	あきこ,あやこ,あやね,のりこ,ゆきこ,れいこ,れみ
礼七	れいな,れな
礼実	あやみ,れいみ,れみ
礼珠	あやみ,れいみ
礼深	あやみ,れみ
礼奈	あやな,ゆきな,らいな,らな,れいな,れな
礼那	あやな,ゆきな,れいな,れな
礼凪	れいな,れな
礼捺	らいな,れいな,れな
礼南	あやな,れいな,れな
礼乃	あやの,ひろの,よしの,れの
礼帆	あきほ,あやほ
礼美	あやみ,れいみ,れみ
礼望	あやみ,れいみ,れみ
礼未	あやみ,れみ
礼名	れいな,れな
礼弥	あやみ,れみ
礼梛	あやな,れいな,れな
礼莉	あやり,れいり
鈴々	すず,りり
鈴愛	れいあ,れいな,れいら
鈴羽	すずは,れいは
鈴音	すずね,りの,りのん,りんね,れいね,れいん
鈴伽	すずか,りんか
鈴佳	すずか,りか,りんか,れいか
鈴加	すずか,りんか,れいか
鈴可	すずか,りんか,れいか
鈴嘉	すずか,れいか
鈴夏	すずか,すずな,りか,りな,りんか,りんな,れいか,れいな,れな
鈴果	すずか,りんか,れいか
鈴架	すずか,りんか
鈴歌	すずか,りんか,れいか
鈴珂	すずか,りか,りんか
鈴禾	すずか,りんか,れいか
鈴花	すずか,すずな,すずは,りか,りんか,れいか
鈴華	すずか,すずは,りか,りんか,れいか
鈴海	すずか,すずみ,りんか
鈴叶	すずか,りんか
鈴椛	すずか,りんか,れいか
鈴樺	すずか,りんか,れいか
鈴瑚	りこ,りんこ,りんご,れいこ
鈴香	すずか,りか,りんか,れいか
鈴菜	すずな,りな,りんな,れいな,れな
鈴桜	りさ,れいさ,れいら
鈴子	すずこ,すずね,りんこ,りんご,れいこ
鈴七	すずな,りんな,れいな
鈴実	すずみ,れいみ
鈴珠	すず,れいみ
鈴渚	すずな,れいな
鈴心	りこ,れいみ
鈴世	すずよ,りんぜ
鈴晴	すずは,れいは
鈴生	すずは,れいは
鈴端	すずは,れいは
鈴奈	すずな,りな,りんな,れいな,れな
鈴那	すずな,りな,りんだ,りんな,れいな,れな
鈴凪	すずな,りんな,れいな
鈴捺	すずな,れいな
鈴南	すずな,りんな,れいな
鈴祢	すずね,りんね
鈴寧	すずね,りんね
鈴乃	すずの,りの,りんの,れの
鈴埜	すずの,れの
鈴波	すずな,すずは,れいな,れいは
鈴美	すずみ,れいみ,れみ
鈴苗	すずな,りんな
鈴楓	すずか,りんか
鈴風	すずか,りんか,れいか
鈴歩	すずほ,りほ
鈴穂	すずほ,りほ
鈴朋	すずほ,りほ
鈴望	すずの,すずみ
鈴未	すずみ,りみ,れいみ,れみ
鈴名	すずな,りんな
鈴鳴	すずな,りな
鈴葉	すずな,すずは,れいは
鈴遥	すずは,りりか
鈴蘭	すずか,りら,りんか,れいか,れいら,れら
鈴和	すずか,すずな,りんか,りんな
鈴梛	すずな,りんな,れいな,れな
鈴莉	りり,れいり
零夏	れいか,れいな,れな
零菜	れいな,れな
零奈	れいな,れな
零来	れいこ,れいら
霊子	たまこ,りょうこ,れいこ
麗々	うらら,らら,りり
麗亜	れあ,れいあ
麗阿	れあ,れいあ
麗安	れあ,れいあ
麗永	れいな,れな
麗央奈	りおな,れおな
麗央名	りおな,れおな
麗音	りね,れいね,れいん,れね
麗佳	りか,れいか
麗夏	れいか,れいな,れな
麗歌	りか,れいか
麗珂	りか,れいか
麗禾	りか,れいか
麗花	りか,れいか
麗華	りか,れいか
麗霞	りか,れいか
麗海	うるみ,つぐみ,れいみ,れみ
麗楽	うらら,らら,りら,れいら
麗叶	りか,れいか
麗観	れいみ,れみ
麗空	らら,れあ,れいあ,れいか,れいら
麗見	れいみ,れみ
麗瑚	りこ,れいこ
麗香	りか,れいか
麗彩	りさ,れあ,れいあ,れいさ
麗菜	らな,りな,れいな,れな
麗咲	りさ,れいさ
麗桜	うらら,らら,りさ,れいさ,れいら
麗子	りこ,れいこ
麗七	れいな,れな
麗実	うるみ,つぐみ,よしみ,れいみ,れみ
麗紗	りさ,れいさ
麗珠	つぐみ,れいみ,れみ
麗樹	かずな,つぐみ,れいな
麗渚	れいな,れな
麗緒奈	りおな,れおな
麗心	うるみ,つぐみ,りこ,れいこ,れいみ,れみ
麗水	うるみ,つぐみ,れいな,れいみ,れみ
麗星	りせ,りほ
麗生奈	りおな,れおな
麗奈	らな,りな,れいな,れな
麗那	りな,れいな,れな
麗凪	りな,れいな,れな
麗捺	れいな,れな
麗南	りな,れいな,れな
麗寧	りね,れいね,れね
麗乃	よしの,りの,れいな,れな,れの
麗波	れいな,れいは
麗美	うるみ,つぐみ,よしみ,りよ,れいみ,れみ
麗望	つぐみ,れいみ
麗未	うるみ,つぐみ,よしみ,れいみ,れみ
麗魅	れいみ,れみ
麗名	れいな,れな
麗羅	うらら,らら,れいら
麗来	うらら,れいな,れいら
麗蘭	うらら,うらん,れいか,れいら
麗里	りり,れいり
麗流	りる,れいら
麗良	うらら,れいら,れら
麗來	うらら,れいら
麗梛	りな,れな
麗莉	りり,れいり
廉永	ゆきえ,れんな
廉華	れんか,れんげ
恋亜	ここあ,れあ,れいあ
恋杏	れあ,れあん
恋羽	ここは,このか
恋音	このか,れいん,れもん
恋夏	ここな,こなつ,れんか,れんげ,れんな
恋歌	このか,れんか
恋花	このか,れいか,れんか,れんげ
恋華	このか,れんか,れんげ
恋海	こうみ,れみ,れんか
恋月	うづき,れんげ
恋菜	ここな,れな,れんな
恋実	ここみ,このか,れみ
恋渚	ここな,れんな
恋奈	ここな,めいな,れな,れんな
恋那	れな,れんな
恋凪	ここな,れんな
恋南	ここな,こなみ,れな,れんな
恋乃	れな,れの
恋美	ここみ,れみ
恋姫	ここな,このか
恋萌	こうめ,ここな
漣花	なみか,れんげ
蓮夏	れな,れんか,れんげ
蓮花	れんか,れんげ
蓮華	れんか,れんげ
蓮海	はすみ,れみ,れんか
蓮希	はずき,れの
蓮月	はずき,はづき
蓮香	みか,れんか
蓮菜	はな,れな,れんな
蓮実	はすみ,れみ
蓮渚	れな,れんな
蓮奈	はな,れな,れんな
蓮那	はな,れな,れんな
蓮乃	れの,れんな
蓮波	れな,れんな
蓮美	はすみ,れみ
蓮望	はすみ,れの
蓮弥	はすみ,れみ
蓮梛	はな,れんな
連華	れんか,れんげ
路子	みちこ,ろこ
露夏	あきか,ろな
露子	あきこ,ろこ
朗花	あきか,さえか
朗子	あきこ,さえこ,ときこ
楼奈	るな,ろな
六夏	りっか,ろっか
六花	りか,りっか,ろっか
六華	りっか,ろっか
六香	りっか,ろっか
禄子	さちこ,よしこ
倭央	いちか,しずな
倭叶	やすか,わかな
倭樺	しずか,わかば
倭子	かずこ,しずこ,まさこ,やすこ,わこ
和愛	あいな,かずえ,ともえ,みやび,わかな
和依	かずえ,かよ
和栄	かずえ,ともえ
和佳	あいか,のどか,ののか
和加	あいか,のどか
和可	あいか,のどか
和夏	あいか,のどか
和果	あいか,のどか,ほのか
和歌	かのか,のどか
和禾子	なみこ,わかこ
和花	あいか,かはな,しずか,ともか,なのは,のどか,ののか,ふみか,ほのか,わこ
和華	あいか,かはな,のどか
和椛	ほのか,わかば
和樺	あいか,わかば
和恵	かずえ,まさえ
和乎	あこ,かずこ,わこ
和湖	かこ,かずこ,わこ
和胡	あこ,かこ,よりこ,わこ
和瑚	あこ,かこ,かずこ,わこ
和香	あいか,あいこ,のどか,ののか,ほのか
和菜	あいな,かずな
和菜子	かなこ,ななこ
和桜	あいさ,あいら
和純	あすみ,あずみ,かすみ
和澄	あすみ,かすみ
和奈	あいな,かずな,かんな,ともな,わかな
和那	あいな,かずな,わかな
和南	あみ,かずな
和乃	あいの,かの,なの,よしの
和妙果	あさか,あみか
和優	あゆう,なゆ
和来	なこ,わこ
和梨	あいり,かりん
和恋	あこ,かれん,わこ
和來	あいら,あこ,なこ,わこ
和凛	あいり,かりん
亘子	こうこ,つねこ,のぶこ
亞実	あみ,つぐみ
亞心	あみ,つぐみ
亞美	あみ,つぐみ
亞未	あみ,つぐみ
侑愛	ゆうあ,ゆうな,ゆな
侑依	うい,ゆい
侑惟	うい,ゆい
侑衣	うい,ゆい
侑衣花	ういか,ゆいか
侑衣華	ういか,ゆいか
侑衣香	ういか,ゆいか
侑伽	ゆうか,ゆか
侑佳	ゆうか,ゆか
侑加	ゆうか,ゆか
侑夏	ゆうか,ゆか,ゆきな,ゆな
侑果	ゆうか,ゆか,ゆきか
侑架	ゆうか,ゆか
侑歌	ゆうか,ゆか
侑珂	ゆうか,ゆか
侑花	ゆうか,ゆか
侑華	ゆうか,ゆか,ゆきか,ゆきは
侑嘩	ゆうか,ゆか
侑楽	うたの,ゆら
侑叶	ゆか,ゆかな
侑弓	いくみ,ゆうみ,ゆうゆ
侑圭	ゆうか,ゆか
侑瑚	ゆうこ,ゆきこ
侑香	ゆうか,ゆうこ,ゆか
侑菜	ゆうな,ゆきな,ゆな
侑咲	ありさ,ゆさ,ゆら
侑子	いくこ,ゆうこ,ゆきこ
侑七	ゆうな,ゆな
侑実	いくみ,ゆうみ,ゆみ
侑奈	ゆうな,ゆきな,ゆな
侑那	ゆうな,ゆきな,ゆな
侑凪	ゆうな,ゆな
侑南	ゆうな,ゆきな,ゆな
侑乃	ゆうの,ゆきの,ゆの
侑埜	ゆうの,ゆの
侑美	ゆうみ,ゆきみ,ゆみ
侑望	ゆうみ,ゆみ
侑未	ゆうみ,ゆみ
侑弥	ゆうみ,ゆきみ,ゆや
侑唯	うい,ゆい
侑葉	ゆうは,ゆきは
侑來	ゆな,ゆら
侑梛	ゆうな,ゆな
來々	きき,らら
來愛	くれあ,ゆきあ,らな
來夏	きらら,こなつ,このか,らいな
來花	くれは,このか
來華	くれは,このか,ゆきか
來海	くみ,らみ
來叶	このか,ゆきな
來菜	ゆきな,らいな,らな
來桜	このか,らら
來実	くみ,らみ
來心	くみ,らむ
來奈	らいな,らな
來那	ゆきな,らいな,らな
來波	くれは,こなみ
來美	くみ,らみ
來未	くみ,このか,らみ
俐羽	りう,りわ
俐心	さとこ,りこ
凉伽	すずか,りょうか
凉加	すずか,りょうか
凉夏	すずか,りょうか
凉禾	すずか,りょうか
凉花	すずか,りょうか
凉菜	すずな,りょうな
凉子	すずこ,りょうこ
凉凪	きよな,すずな
凛愛菜	りあな,りおな
凛依	りい,りえ,りよ
凛羽	りう,りわ
凛佳	りか,りんか
凛加	りか,りんか
凛夏	りか,りな,りんか,りんな
凛果	りか,りんか
凛歌	りか,りんか
凛珂	りのか,りんか
凛禾	りか,りんか
凛花	りか,りっか,りんか
凛華	りか,りんか
凛嘩	りか,りんか
凛海	りみ,りんか
凛叶	りか,りんか
凛湖	りこ,りんこ
凛胡	りこ,りんこ,りんご
凛瑚	りこ,りんこ,りんご
凛香	りか,りこ,りっか,りんか
凛菜	りな,りんな
凛冴	りこ,りさ
凛咲	りさ,りら
凛子	りこ,りんこ,りんね
凛七	りな,りんな
凛紗	りさ,りすず
凛心	りこ,りみ,りんこ,りんご
凛世	りせ,りよ,りんぜ
凛瀬	りせ,りんぜ
凛星	りせ,りほ,りんぜ
凛聖	りせ,りんぜ
凛奏	りな,りんか
凛暖	りの,りのん,りんの
凛奈	りな,りんな
凛那	りな,りんな
凛凪	りな,りんな
凛南	りな,りんな
凛寧	りね,りんね
凛乃	りの,りんの
凛美	りほ,りみ,りよ
凛風	りんか,りんぜ
凛名	りな,りんな
凛来	りこ,りんな
凛蘭	りか,りんか
凛恋	りこ,りんこ
凛來	りこ,りら
刹夏	せつか,せつな
國子	くにこ,ときこ
圓	つぶら,まどか
奎伽	けいか,ふみか
奎佳	けいか,ふみか
奎加	けいか,ふみか
奎夏	けいか,けいな,ふみか
奎架	けいか,ふみか
奎歌	けいか,ふみか
奎花	けいか,ふみか
奎華	けいか,ふみか
奎子	けいこ,ふみこ
巫都	みこと,みと
彌空	みく,みそら
徠愛	くれあ,らいな,らな
徠奈	らいな,らな
徠那	らいな,らな
惠子	けいこ,さとこ
惠美	えみ,めぐみ
惠美伽	えみか,えみこ
惠未	えみ,めぐみ
惠巳	あやみ,めぐみ
惺夏	しずな,せいか
惺禾	さとか,せいか
惺花	さとか,せいか
惺華	さとか,しずか,せいか
惺香	しずか,せいか
惺子	さとこ,しょうこ,せいこ
惺那	しずな,せいな
惺葉	さとは,しずは
昊音	そらね,そらの
晏菜	あんな,はるな
晏朱	あんじゅ,はるあ
晏寿	あんじゅ,あんず
晏奈	あんな,はるな,やすな
晏凪	あんな,はるな
晄禾	おうか,みつか
晄代	あきよ,てるよ
晟子	あきこ,せいこ
暉子	あきこ,きこ
曖來	あいら,あいる
栞菜	かんな,しおな
栞織	かおり,しおり
栞暖	かのん,しのん
栞奈	かんな,しおな,しな
栞那	かなん,かんな
栞乃	かの,かんな
栞帆	かほ,しほ
栞歩	かほ,しほ
栞穂	かほ,しほ
栞梨	かりん,かんな,しおり
栞怜	かれん,しおり
栞鈴	かりん,しおり
栞和	かんな,しな
栞凛	かりん,しおり
栞梛	かんな,しおな
栞凜	かりん,しおり
梛乃	なぎの,なの
榮菜	えな,はな
榮奈	えな,はな
榮凪	えな,はな
榮乃	はの,はるの,よしの
櫻香	おうか,さくらこ
櫻子	さくらこ,さこ,はるこ,ようこ
毬乃	まりの,まりん
洸子	こうこ,ひろこ
洵子	じゅんこ,のぶこ
澪亜	れあ,れいあ
澪愛	みあ,れあ,れいあ,れいな,れいら
澪羽	みわ,れいは
澪佳	みおか,れいか
澪加	みおか,れいか
澪嘉	みおか,れいか
澪夏	みおか,みおな,れいか,れいな,れな
澪果	みおか,れいか
澪架	みおか,れいか
澪歌	みおか,れいか
澪珂	みおか,れいか
澪禾	みおか,れいか
澪花	みおか,みおな,れいか,れいな
澪華	みおか,れいか
澪霞	みおか,れいか
澪琴	みこ,みこと
澪空	みあ,みそら,れいら
澪香	みおか,れいか
澪彩	みあ,れいあ,れいさ
澪采	みこと,れいさ
澪菜	みおな,れいな,れな
澪咲	みさき,れいさ
澪子	みおこ,れいこ
澪七	みおな,れいな
澪実	れいみ,れみ
澪紗	みさ,れいさ
澪渚	みおな,れな
澪奈	みいな,みおな,れいな,れな
澪那	みおな,れいな,れな
澪凪	みおな,れいな
澪捺	みおな,れいな
澪南	みおな,れいな
澪乃	みおの,れの
澪波	れいは,れな
澪美	れいみ,れみ
澪未	れいみ,れみ
澪名	みおな,れいな
澪蘭	みおか,れいら,れら
澪李	みおり,れいり
澪梨	みおな,みおり,れいな,れいり
澪璃	みおり,れいり
澪里	みおり,みさと
澪鈴	みおり,みれい,れいり
澪和	みおか,みおな,みわ,れいな
澪莉	みおり,みり,みれい,れいり
煌々	きき,きらら
煌花	あきは,おうか
煌海	おうか,こうみ
煌子	あきこ,きこ,こうこ
煌星	あきほ,きあら
瑶子	たまこ,ようこ
皓子	こうこ,てるこ,ひろこ
眞綾	まあや,まりん
眞依	まい,まよ
眞永	さなえ,まなえ
眞花	まなか,まはな
眞叶	まかな,まなか
眞恵	さなえ,まなえ
眞彩	まあや,まや
眞子	まきこ,まさこ
眞生	まい,まう
眞代	ましろ,まよ
眞穂	しほ,まほ
眞未	なおみ,まみ
眞夜	まや,まよ
眞唯	まい,まゆ,みい
眞宥	まゆ,まゆう
眞夕	まゆ,まゆう
眞李	まい,まり
眞梨	まり,まりん
眞林	まり,まりん
眞鈴	まり,まりん
眞侑	まう,まゆ
眞凛	まり,まりん
眞綸	まり,まりん
眞凜	まり,まりん
禮子	あやこ,みちこ,れいこ
稟佳	りか,りんか
稟花	りか,りんか
稟子	りこ,りんこ
穹音	そらね,たかね
穹子	たかこ,ひろこ
絆愛空	きあら,きらら
絆永	はな,はんな
絆花	はな,はんな
絆凪	なずな,はんな
絆乃	はの,はんな
綺愛	あやな,あやめ,きあら,きえ
綺音	あのん,あやね,きの
綺夏	あやか,あやな
綺花	あやか,いろは
綺華	あやか,あやは
綺芽	あやみ,あやめ
綺海	あやみ,きみ,まりん
綺希	あやの,きき
綺恵	あやえ,きえ
綺瑚	あやこ,きこ
綺沙	あずな,あやさ,きさ
綺砂	あやさ,きさ
綺咲	あやさ,きさ,きさき
綺子	あやこ,きこ
綺紗	あやさ,きさ
綺心	あきこ,あこ,あやみ,きこ,きみ
綺水	あやな,あやみ
綺乃	あやの,きの
綺美	あやみ,きみ
綺穂	あやほ,きほ
綺朋	あやほ,きほ
綺鳳	あやほ,きほ
綺望	あやの,あやみ
綺巳	あやみ,きみ
綸伽	いとか,りんか
綸佳	いとか,りんか
綸可	いとか,りんか
綸夏	いとか,かんな,りんか
綸果	いとか,いとは,りんか
綸架	いとか,りんか
綸歌	いとか,りか,りんか
綸花	いとか,いとは,りんか
綸華	いとは,りんか
綸瑚	りんこ,りんご
綸香	いとか,りんか
綸菜	かんな,りんな
綸子	いとこ,くみこ,りんこ
綸雫	かんな,りんな
綸七	かんな,りんな
綸心	いとこ,りんこ
綸那	かんな,りんな
綸乃	りの,りんの
綸耶	いとか,りんか
羚伽	りょうか,れいか
羚夏	れいか,れいな,れな
羚花	りょうか,れいか
羚華	れいか,れいな
羚菜	れいな,れな
羚子	りょうこ,れいこ
羚七	れいな,れな
羚生	れいな,れな
羚奈	れいな,れな
羚那	れいな,れな
羚南	れいな,れな
羚納	れいな,れな
羚名	れいな,れな
翔香	しょうか,しょうこ
翔子	かこ,しょうこ,のぶこ
翔乃	かの,しょうの
翔恋	かこ,かれん
脩子	しゅうこ,なおこ
苺亜	まいあ,もあ
苺愛	いちか,おとめ,まいあ,もあ,りりあ
苺衣	まい,めい
苺羽	いちは,まいは
苺音	まいね,めい,もね
苺伽	いちか,まいか
苺佳	いちか,まいか,もか
苺夏	いちか,まいか,もか
苺果	いちか,まいか,もか
苺珂	いちか,まいか
苺禾	いちか,まいか,もか
苺花	いちか,まいか,もか,もな
苺華	いちか,まいか,もか
苺叶	いちか,まいか,もか
苺樺	いちか,もか
苺瑚	いちご,まいこ
苺香	いちか,いちご,まいか,もか
苺菜	まいな,もな
苺子	いちこ,いちご,まいこ
苺奈	まいな,もな
苺那	まいな,もな
苺乃	いちの,まいの
苺楓	いちか,まいか
苺穂	まいほ,まほ
苺里	まいか,まいり
苺和	まいか,もか,もな
茉愛	まい,まかな,まちか
茉綾	まあや,まりん
茉依	まい,まよ,めい
茉衣子	まいこ,まおこ
茉郁	まあや,まい
茉音	まなり,まのん,みゆう
茉夏	まか,まちか
茉花	まか,まちか,まどか,まのか,まはな
茉華	まか,まなか,まのか,まはな
茉海	まう,まみ
茉叶	まか,まかな
茉弓	まゆ,まゆみ
茉結	まゆ,まゆう
茉香	まおり,まか,まのか
茉彩	まあや,まい
茉織	まおり,まつり,まり
茉心	まなか,まみ
茉生	まい,まう
茉代	ましろ,まよ
茉斐	まあや,まい
茉夢	まむ,まゆ
茉也	まなり,まや
茉夜	まや,まよ
茉唯	まい,まゆ
茉唯佳	まいか,まゆか
茉唯乃	まいの,まゆの
茉佑	まゆ,まゆう
茉友	まゆ,まゆう
茉宥	まゆ,まゆう
茉悠	まちか,まゆ,まゆう
茉柚	まゆ,まゆう
茉由	まゆ,まゆう
茉夕	まゆ,まゆう
茉陽	まあや,まなか,まひな,まや
茉利	まつり,まり
茉吏	まつり,まり
茉李	まつり,まり
茉梨	まつり,まり,まりん
茉梨夏	まりか,まりな
茉理	まあや,まつり,まり
茉璃	まつり,まり
茉里	まつり,まり
茉里衣	まりい,まりえ
茉瑠	まり,まる
茉侑	まう,まゆ,まゆう
茉凛	まつり,まり,まりん
茉莉	まつり,まり
茉莉愛	まりあ,まりえ
茉莉衣	まりい,まりえ
茉莉花	まりか,まりな
茉凜	まつり,まりん
莉亜	れあ,れいあ
莉愛菜	りあな,りおな
莉愛奈	りあな,りおな
莉愛那	りあな,りおな
莉依	りい,りえ,りよ
莉依子	りいこ,りえこ
莉依那	りいな,りえな
莉維	りい,りこ
莉衣	りい,りえ
莉衣子	りいこ,りえこ
莉衣那	りいな,りえな
莉羽	りう,りわ,れいは
莉永	ちえ,りえ
莉詠	ちよ,りえ
莉央夏	りおか,りおな
莉音愛	りおな,りのあ
莉佳	りか,りっか,れいか
莉加	りか,れいか
莉嘉	りか,れいか
莉夏	ちなつ,りか,りっか,りな,れいか
莉果	りか,れいか
莉歌	りか,りのか,れいか
莉禾	りか,れいか
莉花	ちはな,りか,りっか,りのか,れいか
莉華	ちはな,りか,りのか,れいか
莉海	りう,りか,りっか,りみ,れみ
莉叶	りか,りのあ,りのか,れいか
莉椛	りか,りのか
莉樺	りか,れいか
莉希	りの,りのん,りま
莉空	りあな,りのあ,りら,れいあ,れいら
莉薫	りか,れいか
莉恵	ちえ,りえ
莉己	りこ,りな,れいな,れいみ
莉瑚	ちこ,りこ
莉光	ちあき,りこ,りみ
莉好	りこ,りよ
莉香	りか,りこ,れいか
莉佐	まりさ,りさ
莉沙	まりさ,りさ
莉瑳	まりさ,りさ
莉彩	りさ,りさえ,りのあ,りろ,れあ,れいあ,れいさ
莉菜	りな,れいな
莉冴	まりさ,りこ,りさ,りさえ
莉咲	ちさ,ちさき,りえ,りさ,りら
莉桜華	りおか,りおな
莉子	ちこ,りこ,れいこ,れいみ
莉蒔	りう,りま
莉実	りみ,れいみ
莉紗	ちさ,りさ,りすず
莉渚	りな,れいな
莉緒夏	りおか,りおな
莉心	りこ,りみ
莉世	ちよ,りせ,りよ
莉成	りせ,りな
莉星	りせ,りほ
莉生子	りいこ,りおこ
莉早	まりさ,りさ
莉暖	りの,りのん
莉奈	まりな,りな,れいな
莉那	りな,れいな
莉凪	りいな,りな,れいな,れな
莉乃	ちの,りな,りの
莉美	りほ,りみ,りよ,れみ
莉舞	りぶ,りま
莉楓	りか,りっか,りのか,れいか
莉文	ちあき,れもん
莉歩	ちほ,りほ
莉望	りの,りみ
莉未	りま,りみ,れいみ,れみ
莉名	りな,れいな
莉銘	りな,れいな
莉耶	まりや,れいか
莉弥	りみ,れいみ
莉羅	りら,れいら
莉来	りこ,りら,れいら
莉蘭	りら,れいら
莉理	りり,れいり
莉璃	りり,れいり
莉里	ちさと,りさ,りり,りりい
莉琉	まりる,りる
莉良	りよ,りら,れいら
莉瑠	りえる,りる
莉麗	りう,りら,りり
莉恋	ちこ,りこ
莉路	りる,りろ
莉來	りこ,りら,れいら
莉梛	りな,れいな
萠伽	ほのか,もえか
萠加	もえか,もか
萠夏	ほなつ,ほのか,もえか,もえな,もか,もな
萠花	ほのか,もえか,もか
萠華	もえか,もか
萠椛	もか,ももみ
萠子	もえこ,もこ
諄子	あつこ,じゅんこ
謠子	うたこ,ようこ
迪夏	ふみか,みちか
迪華	ふみか,みちか
釉羽	ゆいは,ゆうは
釉月	ゆつき,ゆづき
釉香	ゆうか,ゆか
釉菜	ゆうな,ゆな
釉生	ゆい,ゆうな
釉奈	ゆうな,ゆな
釉那	ゆうな,ゆな
釉南	ゆうな,ゆな
釉乃	ゆうの,ゆの
釉和	ゆうな,ゆな
頌子	うたこ,しょうこ,のぶこ,ようこ
颯佳	はやか,ふうか
颯夏	さやか,はやか,ふうか
颯果	はやか,ふうか
颯花	そよか,はやか,ふうか
颯華	さやか,はやか,ふうか
颯香	はやか,ふうか
颯菜	さやな,ふうな
黎亜	れあ,れいあ
黎夏	りか,れいか
黎花	りか,れいか
黎菜	りな,れいな,れな
黎奈	りな,れいな,れな
黎那	りな,れな
黎南	りな,れいな,れな
黎乃	りの,れの
黎美	りよ,れいみ
遙子	はるこ,ようこ
凜愛	りのあ,りんな
凜衣	りい,りえ
凜羽	りう,りわ
凜佳	りか,りっか,りんか
凜嘉	りか,りんか
凜夏	りか,りんか,りんな
凜歌	りか,りんか
凜禾	りか,りんか
凜花	りか,りんか
凜華	りか,りんか
凜嘩	りか,りんか
凜海	りみ,りんか
凜叶	りか,りんか
凜瑚	りこ,りんこ,りんご
凜香	りか,りこ,りんか
凜菜	りな,りんな
凜子	りこ,りんこ
凜七	りな,りんな
凜心	りこ,りみ,りんこ
凜奏	りな,りんか
凜奈	りな,りんな
凜凪	りな,りんな
凜南	りな,りんな
凜乃	りの,りんな,りんの
凜美	りほ,りみ
凜恋	りこ,りんこ
凜和	ひより,りな,りわ,りんか,りんな
凜珈	りか,りのか,りんか
熙子	さとこ,ひろこ
繡子	あやこ,しゅうこ
